match_id,point_diff,distance_run,win_streak,unf_err,serve,ace,elapsed_time,last_round_rally_cnt,net_pt_won,double_fault,break_pt_missed,distance_lag1,distance_lag2,rally_cnt_lag1,rally_cnt_lag2,label
0,-1,31.625,0,0,1,0,0,0,0,0,0,0,0,0,0,0
0,0,15.672,1,0,1,0,26,8,0,0,0,31.625,0,0,0,1
0,-1,12.642,0,1,1,0,19,3,0,1,0,15.672,31.625,8,0,0
0,-2,15.37,0,1,1,0,29,0,0,0,0,12.642,15.672,3,8,0
0,-1,12.016,1,0,1,1,30,2,0,0,0,15.37,12.642,0,3,1
0,0,23.244,2,0,1,0,15,1,1,0,0,12.016,15.37,2,0,1
0,1,12.732,3,0,1,0,26,5,0,0,0,23.244,12.016,1,2,1
0,0,23.734,0,1,1,0,31,1,0,1,0,12.732,23.244,5,1,0
0,-1,16.816,0,1,1,0,47,0,0,0,0,23.734,12.732,1,5,0
0,0,27.039,0,0,1,0,18,2,0,0,0,16.816,23.734,0,1,0
0,1,22.866,1,0,0,0,77,4,1,0,0,27.039,16.816,2,0,1
0,0,20.03,0,0,0,0,26,6,0,0,0,22.866,27.039,4,2,0
0,-1,13.88,0,0,0,0,43,7,0,0,0,20.03,22.866,6,4,0
0,-2,24.354,0,0,0,0,19,1,0,0,0,13.88,20.03,7,6,0
0,0,13.303,0,1,0,0,22,3,0,0,0,24.354,13.88,1,7,0
0,1,20.219,1,0,1,0,42,1,0,0,0,13.303,24.354,3,1,1
0,2,28.138,2,0,1,0,24,3,1,0,0,20.219,13.303,1,3,1
0,3,12.425,3,0,1,1,31,5,0,0,0,28.138,20.219,3,1,1
0,2,15.109,0,1,1,0,17,1,0,0,0,12.425,28.138,5,3,0
0,1,22.917,0,0,1,0,20,2,0,0,0,15.109,12.425,1,5,0
0,0,23.036,0,0,1,0,27,4,0,0,0,22.917,15.109,2,1,1
0,-1,27.027,0,0,0,0,99,3,0,0,0,23.036,22.917,4,2,0
0,0,25.843,1,0,0,0,30,5,0,0,0,27.027,23.036,3,4,1
0,-1,29.169,0,1,0,0,40,4,0,0,0,25.843,27.027,5,3,0
0,-2,15.308,0,1,0,0,32,7,0,0,0,29.169,25.843,4,5,0
0,0,30.625,0,0,0,0,36,1,0,0,0,15.308,29.169,7,4,0
0,1,22.867,1,0,1,0,49,5,0,0,0,30.625,15.308,1,7,1
0,2,11.58,2,0,1,1,18,1,0,0,0,22.867,30.625,5,1,1
0,3,16.488,3,0,1,0,28,1,0,0,0,11.58,22.867,1,5,1
0,0,23.548,0,0,1,0,15,1,0,0,0,16.488,11.58,1,1,1
0,1,28.754,1,0,0,0,120,3,0,0,0,23.548,16.488,1,1,1
0,0,21.157,0,0,0,0,43,6,0,0,0,28.754,23.548,3,1,0
0,1,24.393,1,0,0,0,30,3,0,0,0,21.157,28.754,6,3,1
0,0,30.631,0,0,0,0,43,4,0,0,0,24.393,21.157,3,6,0
0,-1,34.587,0,0,0,0,32,7,0,0,0,30.631,24.393,4,3,0
0,0,14.221,0,0,0,0,29,5,0,0,0,34.587,30.631,7,4,0
0,-1,15.987,0,0,1,0,33,1,0,0,0,14.221,34.587,5,7,0
0,-2,14.735,0,0,1,0,28,2,0,0,0,15.987,14.221,1,5,0
0,-1,19.18,1,0,1,0,29,2,0,0,0,14.735,15.987,2,1,1
0,-2,21.41,0,1,1,0,30,1,0,0,0,19.18,14.735,2,2,0
0,-1,12.137,1,0,1,1,23,2,0,0,0,21.41,19.18,1,2,1
0,0,35.533,0,1,1,0,15,1,0,0,0,12.137,21.41,2,1,0
0,-1,26.938,0,1,0,0,117,8,0,0,0,35.533,12.137,1,2,0
0,-2,27.704,0,0,0,0,23,5,0,0,0,26.938,35.533,8,1,0
0,-1,26.714,1,0,0,0,37,3,0,0,0,27.704,26.938,5,8,1
0,0,26.906,2,0,0,0,36,2,0,0,0,26.714,27.704,3,5,1
0,1,22.792,3,0,0,0,38,4,0,0,0,26.906,26.714,2,3,1
0,0,19.736,0,0,0,0,27,2,0,0,1,22.792,26.906,4,2,0
0,1,21.347,1,0,0,0,21,3,0,0,0,19.736,22.792,2,4,1
0,0,28.695,0,0,0,0,26,4,1,0,0,21.347,19.736,3,2,1
0,1,12.532,1,0,1,1,58,6,0,0,0,28.695,21.347,4,3,1
0,2,25.171,2,0,1,0,17,1,0,0,0,12.532,28.695,6,4,1
0,1,4.277,0,0,1,0,46,1,0,0,0,25.171,12.532,1,6,0
0,2,12.545,1,0,1,0,21,2,0,0,0,4.277,25.171,1,1,1
0,0,21.942,0,0,1,0,18,1,0,0,0,12.545,4.277,2,1,1
0,-1,24.783,0,0,0,0,105,1,0,0,0,21.942,12.545,1,2,0
0,0,21.733,1,0,0,0,38,7,1,0,0,24.783,21.942,1,1,1
0,1,18.982,2,0,0,0,57,6,0,0,0,21.733,24.783,7,1,1
0,0,20.783,0,0,0,0,55,2,0,0,0,18.982,21.733,6,7,0
0,-1,32.469,0,1,0,0,23,3,0,0,0,20.783,18.982,2,6,0
0,0,26.066,1,0,0,0,44,7,0,0,0,32.469,20.783,3,2,1
0,1,34.115,2,0,0,0,33,6,0,0,0,26.066,32.469,7,3,1
0,0,21.682,0,0,0,0,35,8,0,0,1,34.115,26.066,6,7,0
0,1,29.827,1,0,0,0,40,3,0,0,0,21.682,34.115,8,6,1
0,0,51.402,0,0,0,0,32,6,0,0,0,29.827,21.682,3,8,1
0,1,24.156,1,0,1,0,53,14,1,0,0,51.402,29.827,6,3,1
0,0,18.07,0,1,1,0,24,5,0,0,0,24.156,51.402,14,6,0
0,1,21.123,1,0,1,0,40,2,1,0,0,18.07,24.156,5,14,1
0,0,12.413,0,1,1,0,51,5,0,1,0,21.123,18.07,2,5,0
0,1,16.625,1,0,1,0,46,0,1,0,0,12.413,21.123,5,2,1
0,0,48.234,0,0,1,0,23,3,0,0,0,16.625,12.413,0,5,1
0,-1,34.906,0,1,0,0,118,11,0,0,0,48.234,16.625,3,0,0
0,-2,14.538,0,1,0,0,47,7,0,0,0,34.906,48.234,11,3,0
0,-1,40.18,1,0,0,0,34,1,0,0,0,14.538,34.906,7,11,1
0,-2,51.73,0,0,0,0,35,8,0,0,0,40.18,14.538,1,7,0
0,0,19.012,0,0,0,0,54,11,0,0,0,51.73,40.18,8,1,0
0,-1,24.497,0,0,1,0,38,3,0,0,0,19.012,51.73,11,8,0
0,-2,16.308,0,0,0,0,43,4,0,0,0,24.497,19.012,3,11,0
0,-3,16.956,0,0,0,0,22,3,0,0,0,16.308,24.497,4,3,0
0,-2,41.393,1,0,1,0,40,1,1,0,0,16.956,16.308,3,4,1
0,-1,26.664,2,0,1,0,42,7,1,0,0,41.393,16.956,1,3,1
0,-2,25.438,0,1,0,0,37,5,0,0,0,26.664,41.393,7,1,0
0,-3,30.536,0,0,0,0,68,3,0,0,0,25.438,26.664,5,7,0
0,-4,39.874,0,0,1,0,26,5,0,0,0,30.536,25.438,3,5,0
0,-3,16.354,1,0,1,0,36,12,0,0,0,39.874,30.536,5,3,1
0,0,48.455,0,0,0,0,28,3,0,0,0,16.354,39.874,12,5,0
0,1,27.165,1,0,0,0,345,9,0,0,0,48.455,16.354,3,12,1
0,0,14.912,0,1,0,0,23,4,0,0,0,27.165,48.455,9,3,0
0,1,21.28,1,0,0,0,32,1,0,0,0,14.912,27.165,4,9,1
0,2,23.446,2,0,0,0,37,2,0,0,0,21.28,14.912,1,4,1
0,0,14.934,0,0,0,0,31,4,0,0,0,23.446,21.28,2,1,1
0,-1,33.851,0,1,1,0,60,0,0,0,0,14.934,23.446,4,2,0
0,-2,19.127,0,1,1,0,38,8,0,0,0,33.851,14.934,0,4,0
0,-1,22.571,1,0,1,0,34,2,0,0,0,19.127,33.851,8,0,1
0,-2,34.337,0,0,1,0,20,3,0,0,0,22.571,19.127,2,8,0
0,0,14.926,0,1,1,0,43,8,0,0,0,34.337,22.571,3,2,0
0,-1,14.445,0,1,0,0,35,2,0,0,0,14.926,34.337,8,3,0
0,-2,39.977,0,1,0,0,28,1,0,0,0,14.445,14.926,2,8,0
0,-3,14.071,0,0,0,0,34,9,0,0,0,39.977,14.445,1,2,0
0,0,22.731,0,1,0,0,17,1,0,0,0,14.071,39.977,9,1,0
0,-1,27.794,0,0,1,0,105,3,0,0,0,22.731,14.071,1,9,0
0,0,25.004,1,0,1,0,26,6,1,0,0,27.794,22.731,3,1,1
0,1,24.86,2,0,1,0,40,7,0,0,0,25.004,27.794,6,3,1
0,0,35.06,0,0,1,0,23,3,0,0,0,24.86,25.004,7,6,0
0,-1,22.471,0,0,1,0,41,6,0,0,0,35.06,24.86,3,7,0
0,0,17.333,0,0,1,0,32,6,0,0,0,22.471,35.06,6,3,0
0,1,30.425,1,0,0,0,49,2,1,0,0,17.333,22.471,6,6,1
0,2,38.033,2,0,0,0,60,6,0,0,0,30.425,17.333,2,6,1
0,1,17.681,0,0,0,0,36,8,0,0,0,38.033,30.425,6,2,0
0,0,21.197,0,0,0,0,22,1,0,0,0,17.681,38.033,8,6,0
0,-1,30.991,0,0,0,0,25,3,0,0,0,21.197,17.681,1,8,0
0,0,13.412,0,1,0,0,32,7,0,0,0,30.991,21.197,3,1,0
0,1,12.873,1,0,1,0,102,1,0,0,0,13.412,30.991,7,3,1
0,2,19.353,2,0,1,0,25,1,0,0,0,12.873,13.412,1,7,1
0,1,30.431,0,0,1,0,28,1,0,0,0,19.353,12.873,1,1,0
0,2,19.363,1,0,1,0,26,4,0,0,0,30.431,19.353,1,1,1
0,1,20.678,0,1,1,0,19,1,0,0,0,19.363,30.431,4,1,0
0,0,24.363,0,0,1,0,21,2,0,0,0,20.678,19.363,1,4,0
0,-1,42.082,0,1,1,0,24,4,0,0,0,24.363,20.678,2,1,0
0,0,27.316,0,0,1,0,51,10,0,0,0,42.082,24.363,4,2,1
0,-1,14.227,0,0,1,0,27,5,0,0,0,27.316,42.082,10,4,0
0,0,22.599,0,0,1,0,23,2,0,0,0,14.227,27.316,5,10,1
0,1,12.064,1,0,1,1,26,3,0,0,0,22.599,14.227,2,5,1
0,0,17.309,0,1,1,0,19,1,0,0,0,12.064,22.599,3,2,0
0,1,12.689,1,0,1,1,22,2,0,0,0,17.309,12.064,1,3,1
0,0,30.985,0,0,1,0,20,1,0,0,0,12.689,17.309,2,1,0
0,1,21.421,1,0,1,0,28,6,0,0,0,30.985,12.689,1,2,1
0,0,28.362,0,0,1,0,36,5,0,0,0,21.421,30.985,6,1,0
0,1,18.668,1,0,1,0,29,4,0,0,0,28.362,21.421,5,6,1
0,0,25.46,0,1,1,0,18,1,0,0,0,18.668,28.362,4,5,0
0,-1,30,0,0,1,0,47,4,0,0,0,25.46,18.668,1,4,0
0,0,50.969,0,0,1,0,27,4,0,0,0,30,25.46,4,1,1
0,1,22.276,1,0,1,0,37,11,0,0,0,50.969,30,4,4,1
0,0,21.317,0,0,1,0,34,3,0,0,0,22.276,50.969,11,4,0
0,1,12.068,1,0,1,1,24,2,0,0,0,21.317,22.276,3,11,1
0,0,16.753,0,0,1,0,16,1,1,0,0,12.068,21.317,2,3,1
0,-1,14.126,0,0,0,0,38,3,0,0,0,16.753,12.068,1,2,0
0,-2,33.419,0,0,0,0,16,1,0,0,0,14.126,16.753,3,1,0
0,-3,15.398,0,0,0,0,36,5,0,0,0,33.419,14.126,1,3,0
0,-2,34.893,1,0,0,0,20,1,1,0,0,15.398,33.419,5,1,1
0,0,41.324,0,0,0,0,38,6,0,0,0,34.893,15.398,1,5,0
0,1,23.987,1,0,1,0,115,7,1,0,0,41.324,34.893,6,1,1
0,2,18.83,2,0,1,0,30,3,0,0,0,23.987,41.324,7,6,1
0,1,12.642,0,1,1,0,28,1,0,1,0,18.83,23.987,3,7,0
0,0,17.179,0,1,1,0,29,0,0,0,0,12.642,18.83,1,3,0
0,1,17.336,1,0,1,0,38,2,0,0,0,17.179,12.642,0,1,1
0,0,12.887,0,0,1,0,30,3,0,0,0,17.336,17.179,2,0,1
0,-1,46.209,0,0,0,0,46,1,0,0,0,12.887,17.336,3,2,0
0,0,13.28,1,0,0,0,40,11,0,0,0,46.209,12.887,1,3,1
0,1,53.033,2,0,0,0,41,2,0,0,0,13.28,46.209,11,1,1
0,0,21.444,0,0,0,0,46,12,0,0,0,53.033,13.28,2,11,0
0,-1,28.96,0,0,0,0,53,5,0,0,0,21.444,53.033,12,2,0
0,0,18.533,1,0,0,0,21,1,0,0,0,28.96,21.444,5,12,1
0,-1,20.873,0,0,0,0,22,2,0,0,0,18.533,28.96,1,5,0
0,0,14.094,0,1,0,0,24,3,0,0,0,20.873,18.533,2,1,0
1,0,0,0,0,0,0,0,1,0,0,0,14.094,20.873,3,2,0
1,0,0,0,0,0,0,0,0,0,0,0,0,14.094,1,3,0
1,1,14.293,1,0,1,0,0,0,0,0,0,0,0,0,1,1
1,2,12.357,2,0,1,0,22,3,0,0,0,14.293,0,0,0,1
1,1,33.792,0,0,1,0,21,1,0,0,0,12.357,14.293,3,0,0
1,0,17.024,0,0,1,0,44,6,0,0,0,33.792,12.357,1,3,0
1,-1,27.342,0,0,1,0,44,2,0,0,0,17.024,33.792,6,1,0
1,0,29.88,0,1,1,0,43,4,0,0,0,27.342,17.024,2,6,0
1,-1,25.832,0,1,0,0,75,6,0,0,0,29.88,27.342,4,2,0
1,-2,13.492,0,0,0,0,31,3,0,0,0,25.832,29.88,6,4,0
1,-3,18.067,0,0,0,0,28,1,0,0,0,13.492,25.832,3,6,0
1,-2,30.37,1,0,0,0,26,1,0,0,0,18.067,13.492,1,3,1
1,0,29.433,0,1,0,0,21,4,0,0,0,30.37,18.067,1,1,0
1,1,12.145,1,0,1,0,49,5,0,0,0,29.433,30.37,4,1,1
1,0,12.819,0,1,1,0,32,1,0,1,0,12.145,29.433,5,4,0
1,1,16.693,1,0,1,0,42,0,1,0,0,12.819,12.145,1,5,1
1,2,16.573,2,0,1,0,26,3,0,0,0,16.693,12.819,0,1,1
1,1,19.822,0,1,1,0,34,1,0,0,0,16.573,16.693,3,0,0
1,0,23.128,0,0,1,0,28,2,0,0,0,19.822,16.573,1,3,1
1,-1,30.951,0,0,0,0,106,3,0,0,0,23.128,19.822,2,1,0
1,0,20.899,1,0,0,0,22,5,0,0,0,30.951,23.128,3,2,1
1,1,19.838,2,0,0,0,20,4,0,0,0,20.899,30.951,5,3,1
1,0,13.219,0,0,0,0,16,2,0,0,0,19.838,20.899,4,5,0
1,1,24.188,1,0,0,0,15,1,1,0,0,13.219,19.838,2,4,1
1,0,15.616,0,1,0,0,33,6,0,0,1,24.188,13.219,1,2,0
1,1,58.539,1,0,0,0,30,1,0,0,0,15.616,24.188,6,1,1
1,0,13.519,0,0,0,0,48,12,0,0,1,58.539,15.616,1,6,0
1,1,30.715,1,0,0,0,18,1,0,0,0,13.519,58.539,12,1,1
1,0,27.004,0,0,0,0,25,6,0,0,1,30.715,13.519,1,12,0
1,-1,17.91,0,0,0,0,31,3,0,0,0,27.004,30.715,6,1,0
1,0,21.36,0,0,0,0,23,1,0,0,0,17.91,27.004,3,6,0
1,1,20.41,1,0,1,0,37,3,1,0,0,21.36,17.91,1,3,1
1,2,44.932,2,0,1,0,44,5,0,0,0,20.41,21.36,3,1,1
1,3,14.353,3,0,1,0,46,3,0,0,0,44.932,20.41,5,3,1
1,0,11.894,0,0,1,0,41,1,0,0,0,14.353,44.932,3,5,1
1,1,23.387,1,0,0,0,102,1,0,0,0,11.894,14.353,1,3,1
1,2,8.167,2,0,0,0,19,2,0,0,0,23.387,11.894,1,1,1
1,3,43.197,3,0,0,0,23,2,0,0,0,8.167,23.387,2,1,1
1,2,19.711,0,0,0,0,33,4,0,0,1,43.197,8.167,2,2,0
1,0,17.702,0,0,0,0,21,3,0,0,0,19.711,43.197,4,2,1
1,-1,20.714,0,1,1,0,47,2,0,0,0,17.702,19.711,3,4,0
1,-2,17.314,0,1,1,0,39,2,0,0,0,20.714,17.702,2,3,0
1,-1,38.387,1,0,1,0,43,2,0,0,0,17.314,20.714,2,2,1
1,-2,17.71,0,1,1,0,42,5,0,0,0,38.387,17.314,2,2,0
1,0,26.563,0,0,1,0,32,2,0,0,0,17.71,38.387,5,2,0
1,1,24.822,1,0,0,0,99,4,0,0,0,26.563,17.71,2,5,1
1,0,14.199,0,0,0,0,16,2,0,0,0,24.822,26.563,4,2,0
1,-1,26.243,0,1,0,0,14,1,0,0,0,14.199,24.822,2,4,0
1,-2,13.564,0,0,0,0,36,7,0,0,0,26.243,14.199,1,2,0
1,0,17.884,0,0,0,0,34,1,0,0,0,13.564,26.243,7,1,0
1,-1,19.148,0,1,1,0,45,1,0,0,0,17.884,13.564,1,7,0
1,-2,17.579,0,1,1,0,22,2,0,0,0,19.148,17.884,1,1,0
1,-1,21.369,1,0,1,0,27,2,0,0,0,17.579,19.148,2,1,1
1,0,15.525,2,0,1,0,60,3,1,0,0,21.369,17.579,2,2,1
1,1,35.349,3,0,1,0,25,3,0,0,0,15.525,21.369,3,2,1
1,0,16.392,0,0,1,0,33,7,1,0,0,35.349,15.525,3,3,1
1,-1,23.963,0,0,0,0,106,3,0,0,0,16.392,35.349,7,3,0
1,0,24.368,1,0,0,0,30,3,0,0,0,23.963,16.392,3,7,1
1,1,25.635,2,0,0,0,38,2,0,0,0,24.368,23.963,3,3,1
1,0,32.613,0,0,0,0,26,2,0,0,0,25.635,24.368,2,3,0
1,1,13.911,1,0,0,0,53,9,0,0,0,32.613,25.635,2,2,1
1,0,30.469,0,0,0,0,24,0,0,0,1,13.911,32.613,9,2,0
1,1,24.68,1,0,0,0,23,5,0,0,0,30.469,13.911,0,9,1
1,0,24.754,0,0,0,0,28,2,0,0,1,24.68,30.469,5,0,0
1,1,27.713,1,0,0,0,21,3,0,0,0,24.754,24.68,2,5,1
1,0,26.868,0,0,0,0,21,4,0,0,1,27.713,24.754,3,2,0
1,1,16.416,1,0,0,0,37,5,0,0,0,26.868,27.713,4,3,1
1,0,14.731,0,0,0,0,36,2,0,0,0,16.416,26.868,5,4,1
1,1,40.623,1,0,1,0,43,0,0,0,0,14.731,16.416,2,5,1
1,2,31.004,2,0,1,0,41,9,0,0,0,40.623,14.731,0,2,1
1,3,40.118,3,0,1,0,50,3,0,0,0,31.004,40.623,9,0,1
1,2,62.711,0,0,1,0,51,9,0,0,0,40.118,31.004,3,9,0
1,0,17.894,0,0,1,0,61,10,1,0,0,62.711,40.118,9,3,1
1,1,22.423,1,0,0,0,98,3,0,0,0,17.894,62.711,10,9,1
1,2,23.893,2,0,0,0,33,2,0,0,0,22.423,17.894,3,10,1
1,1,21.962,0,0,0,0,43,4,0,0,0,23.893,22.423,2,3,0
1,0,38.951,0,0,0,0,27,3,0,0,0,21.962,23.893,4,2,0
1,1,22.205,1,0,0,0,44,7,0,0,0,38.951,21.962,3,4,1
1,0,23.784,0,0,0,0,21,4,0,0,0,22.205,38.951,7,3,1
1,-1,15.703,0,1,1,0,149,4,0,1,0,23.784,22.205,4,7,0
1,-2,19.375,0,1,1,0,32,0,0,1,0,15.703,23.784,4,4,0
1,-3,23.764,0,1,1,0,37,0,0,0,0,19.375,15.703,0,4,0
1,0,27.785,0,0,1,0,28,4,0,0,0,23.764,19.375,0,0,0
1,-1,21.964,0,0,0,0,71,6,0,0,0,27.785,23.764,4,0,0
1,-2,14.045,0,0,0,0,15,3,0,0,0,21.964,27.785,6,4,0
1,-1,14.729,1,0,0,0,12,1,0,0,0,14.045,21.964,3,6,1
1,-2,13.694,0,0,0,0,23,0,0,0,0,14.729,14.045,1,3,0
1,-1,21.758,1,0,0,0,15,1,0,0,0,13.694,14.729,0,1,1
1,0,22.629,0,0,0,0,24,2,0,0,0,21.758,13.694,1,0,0
1,1,31.054,1,0,1,0,46,3,0,0,0,22.629,21.758,2,1,1
1,0,53.833,0,0,1,0,29,5,0,0,0,31.054,22.629,3,2,0
1,-1,23.441,0,0,1,0,42,12,0,0,0,53.833,31.054,5,3,0
1,-2,14.256,0,1,1,0,35,4,0,1,0,23.441,53.833,12,5,0
1,0,50.962,0,0,1,0,41,0,0,0,0,14.256,23.441,4,12,0
1,-1,18.651,0,0,0,0,132,14,0,0,0,50.962,14.256,0,4,0
1,0,16.637,1,0,0,0,14,1,0,0,0,18.651,50.962,14,0,1
1,1,21.55,2,0,0,0,33,2,0,0,0,16.637,18.651,1,14,1
1,2,22.039,3,0,0,0,26,2,0,0,0,21.55,16.637,2,1,1
1,1,20.134,0,0,0,0,20,4,0,0,1,22.039,21.55,2,2,0
1,0,13.975,0,0,0,0,25,1,0,0,1,20.134,22.039,4,2,0
1,1,19.923,1,0,0,0,13,1,0,0,0,13.975,20.134,1,4,1
1,0,41.529,0,0,0,0,29,2,0,0,1,19.923,13.975,1,1,0
1,-1,13.905,0,0,0,0,29,7,0,0,0,41.529,19.923,2,1,0
1,0,22.197,0,0,0,0,18,1,0,0,0,13.905,41.529,7,2,0
1,1,30.039,1,0,1,0,60,3,0,0,0,22.197,13.905,1,7,1
1,2,18.362,2,0,1,0,37,7,0,0,0,30.039,22.197,3,1,1
1,3,12.357,3,0,1,1,22,3,0,0,0,18.362,30.039,7,3,1
1,2,17.11,0,1,1,0,20,1,0,0,0,12.357,18.362,3,7,0
1,0,14.176,0,0,1,0,35,2,1,0,0,17.11,12.357,1,3,1
1,-1,22.06,0,1,0,0,99,3,0,0,0,14.176,17.11,2,1,0
1,-2,13.733,0,0,0,0,26,3,0,0,0,22.06,14.176,3,2,0
1,-3,17.712,0,0,0,0,28,1,0,0,0,13.733,22.06,3,3,0
1,0,14.086,0,0,0,0,23,1,0,0,0,17.712,13.733,1,3,0
1,-1,14.854,0,0,1,0,36,1,0,0,0,14.086,17.712,1,1,0
1,-2,16.502,0,0,1,0,24,4,0,0,0,14.854,14.086,1,1,0
1,-3,15.736,0,1,1,0,35,2,0,0,0,16.502,14.854,4,1,0
1,0,17.162,0,0,1,0,22,2,0,0,0,15.736,16.502,2,4,0
1,-1,13.955,0,0,0,0,337,2,0,0,0,17.162,15.736,2,2,0
1,-2,13.716,0,0,0,0,12,1,0,0,0,13.955,17.162,2,2,0
1,-3,19.583,0,0,0,0,12,1,0,0,0,13.716,13.955,1,2,0
1,0,28.512,0,0,0,0,19,3,0,0,0,19.583,13.716,1,1,0
1,-1,16.501,0,1,1,0,55,5,0,0,0,28.512,19.583,3,1,0
1,0,13.155,1,0,1,0,22,2,0,0,0,16.501,28.512,5,3,1
1,1,26.244,2,0,1,0,23,1,0,0,0,13.155,16.501,2,5,1
1,2,16.335,3,0,1,0,46,5,0,0,0,26.244,13.155,1,2,1
1,0,5.207,0,0,1,0,21,1,0,0,0,16.335,26.244,5,1,1
1,-1,27.249,0,1,0,0,36,1,0,0,0,5.207,16.335,1,5,0
1,-2,32.555,0,0,0,0,29,5,0,0,0,27.249,5.207,1,1,0
1,-3,13.847,0,0,0,0,22,3,0,0,0,32.555,27.249,5,1,0
1,0,21.745,0,0,0,0,16,1,0,0,0,13.847,32.555,3,5,0
1,-1,25.27,0,0,1,0,103,3,0,0,0,21.745,13.847,1,3,0
1,-2,29.789,0,0,1,0,38,4,0,0,0,25.27,21.745,3,1,0
1,-1,16.128,1,0,1,1,58,6,0,0,0,29.789,25.27,4,3,1
1,-2,26.307,0,1,1,0,23,1,0,0,0,16.128,29.789,6,4,0
1,0,14.204,0,1,1,0,50,6,0,1,0,26.307,16.128,1,6,0
1,-1,17.437,0,0,0,0,37,0,0,0,0,14.204,26.307,6,1,0
1,-2,18.696,0,0,0,0,14,1,0,0,0,17.437,14.204,0,6,0
1,-1,26.116,1,0,0,0,15,1,0,0,0,18.696,17.437,1,0,1
1,0,19.099,2,0,0,0,18,4,0,0,0,26.116,18.696,1,1,1
1,-1,13.63,0,0,0,0,44,2,0,0,0,19.099,26.116,4,1,0
1,0,20.255,1,0,0,0,14,1,0,0,0,13.63,19.099,2,4,1
1,1,27.044,2,0,0,0,29,4,0,0,0,20.255,13.63,1,2,1
1,0,13.989,0,0,0,0,18,2,0,0,1,27.044,20.255,4,1,0
1,1,24.354,1,0,0,0,15,1,0,0,0,13.989,27.044,2,4,1
1,0,25.384,0,0,0,0,31,4,0,0,1,24.354,13.989,1,2,0
1,-1,22.862,0,0,0,0,28,3,0,0,0,25.384,24.354,4,1,0
1,0,14.931,0,1,0,0,30,3,0,0,0,22.862,25.384,3,4,0
1,-1,48.32,0,0,1,0,111,1,0,0,0,14.931,22.862,3,3,0
1,0,13.078,1,0,1,0,36,6,0,0,0,48.32,14.931,1,3,1
1,1,54.413,2,0,1,0,38,1,0,0,0,13.078,48.32,6,1,1
1,0,19.776,0,1,1,0,58,7,0,0,0,54.413,13.078,1,6,0
1,1,14.591,1,0,1,0,43,2,0,0,0,19.776,54.413,7,1,1
1,0,16.506,0,0,1,0,24,3,0,0,0,14.591,19.776,2,7,0
1,-1,31.739,0,0,1,0,59,2,0,0,0,16.506,14.591,3,2,0
1,0,18.902,0,1,1,0,31,8,0,0,0,31.739,16.506,2,3,0
1,-1,25.506,0,0,0,0,63,2,0,0,0,18.902,31.739,8,2,0
1,-2,17.812,0,0,0,0,22,3,0,0,0,25.506,18.902,2,8,0
1,-3,30.579,0,1,0,0,20,1,0,0,0,17.812,25.506,3,2,0
1,0,14.959,0,0,0,0,60,5,0,0,0,30.579,17.812,1,3,0
2,0,0,0,0,0,0,0,1,0,0,0,14.959,30.579,5,1,0
2,0,0,0,0,0,0,0,0,0,0,0,0,14.959,1,5,0
2,1,21.837,1,0,1,0,0,0,0,0,0,0,0,0,1,1
2,0,13.147,0,1,1,0,29,3,0,1,0,21.837,0,0,0,0
2,-1,19.269,0,1,1,0,33,0,0,0,0,13.147,21.837,3,0,0
2,0,18.938,1,0,1,0,21,4,0,0,0,19.269,13.147,0,3,1
2,1,11.979,2,0,1,1,21,1,0,0,0,18.938,19.269,4,0,1
2,0,16.168,0,1,1,0,19,1,0,0,0,11.979,18.938,1,4,0
2,-1,31.534,0,0,1,0,29,2,0,0,0,16.168,11.979,1,1,0
2,0,22.215,0,0,1,0,41,10,0,0,0,31.534,16.168,2,1,0
2,1,32.794,1,0,0,0,54,4,0,0,0,22.215,31.534,10,2,1
2,2,14.277,2,0,0,0,44,6,0,0,0,32.794,22.215,4,10,1
2,3,16.885,3,0,0,0,46,0,0,0,0,14.277,32.794,6,4,1
2,2,23.372,0,0,0,0,20,4,0,0,1,16.885,14.277,0,6,0
2,0,13.903,0,0,0,0,28,5,0,0,0,23.372,16.885,4,0,1
2,1,0,1,0,1,0,26,2,0,0,0,13.903,23.372,5,4,1
2,2,22.937,2,0,1,0,28,1,0,0,0,0,13.903,2,5,1
2,1,30.919,0,0,1,0,20,1,0,0,0,22.937,0,1,2,0
2,2,16.437,1,0,1,0,38,8,1,0,0,30.919,22.937,1,1,1
2,1,15.839,0,0,1,0,25,3,0,0,0,16.437,30.919,8,1,0
2,0,16.528,0,1,1,0,32,2,0,0,0,15.839,16.437,3,8,0
2,-1,21.173,0,1,1,0,21,2,0,0,0,16.528,15.839,2,3,0
2,0,17.987,0,0,1,0,37,4,0,0,0,21.173,16.528,2,2,1
2,-1,16.36,0,0,1,0,31,3,0,0,0,17.987,21.173,4,2,0
2,0,14.379,0,0,1,0,34,2,0,0,0,16.36,17.987,3,4,1
2,1,23.457,1,0,1,0,30,3,0,0,0,14.379,16.36,2,3,1
2,0,12.017,0,0,1,0,33,1,0,0,0,23.457,14.379,3,2,1
2,-1,14.943,0,0,0,0,85,1,0,0,0,12.017,23.457,1,3,0
2,0,18.313,1,0,0,0,19,1,0,0,0,14.943,12.017,1,1,1
2,-1,18.9,0,0,0,0,34,2,0,0,0,18.313,14.943,1,1,0
2,0,33.318,1,0,0,0,37,3,0,0,0,18.9,18.313,2,1,1
2,1,16.942,2,0,0,0,65,8,0,0,0,33.318,18.9,3,2,1
2,0,18.914,0,1,0,0,38,2,0,0,1,16.942,33.318,8,3,0
2,-1,16.451,0,1,0,0,41,5,0,0,0,18.914,16.942,2,8,0
2,0,16.801,0,0,0,0,42,3,0,0,0,16.451,18.914,5,2,1
2,-1,14.456,0,0,0,0,23,2,0,0,0,16.801,16.451,3,5,0
2,0,23.182,0,0,0,0,24,1,0,0,0,14.456,16.801,2,3,0
2,-1,12.653,0,1,1,0,36,1,0,0,0,23.182,14.456,1,2,0
2,-2,14.599,0,1,1,0,27,2,0,0,0,12.653,23.182,1,1,0
2,-3,16.106,0,1,1,0,36,2,0,1,0,14.599,12.653,2,1,0
2,-2,19.137,1,0,1,0,27,0,0,0,0,16.106,14.599,2,2,1
2,0,12.506,0,1,1,0,24,3,0,1,0,19.137,16.106,0,2,0
2,-1,27.164,0,0,0,0,97,0,0,0,0,12.506,19.137,3,0,0
2,0,14.518,1,0,0,0,42,3,0,0,0,27.164,12.506,0,3,1
2,1,17.308,2,0,0,0,28,2,0,0,0,14.518,27.164,3,0,1
2,0,19.243,0,0,0,0,37,2,0,0,0,17.308,14.518,2,3,0
2,-1,13.598,0,0,0,0,26,3,0,0,0,19.243,17.308,2,2,0
2,0,13.78,0,0,0,0,21,1,0,0,0,13.598,19.243,3,2,0
2,-1,31.043,0,1,1,0,23,1,0,0,0,13.78,13.598,1,3,0
2,-2,21.463,0,0,1,0,40,8,0,0,0,31.043,13.78,1,1,0
2,-1,15.469,1,0,1,0,23,2,1,0,0,21.463,31.043,8,1,1
2,0,16.758,2,0,1,0,25,3,0,0,0,15.469,21.463,2,8,1
2,-1,12.786,0,0,1,0,24,3,0,0,0,16.758,15.469,3,2,0
2,0,18.105,1,0,1,0,29,2,0,0,0,12.786,16.758,3,3,1
2,1,12.676,2,0,1,1,21,1,0,0,0,18.105,12.786,2,3,1
2,0,14.575,0,0,1,0,20,1,1,0,0,12.676,18.105,1,2,1
2,1,19.135,1,0,0,0,82,3,1,0,0,14.575,12.676,1,1,1
2,0,14.989,0,0,0,0,23,4,0,0,0,19.135,14.575,3,1,0
2,1,26.112,1,0,0,0,27,1,0,0,0,14.989,19.135,4,3,1
2,0,14.053,0,0,0,0,26,4,0,0,0,26.112,14.989,1,4,0
2,-1,13.655,0,0,0,0,19,1,0,0,0,14.053,26.112,4,1,0
2,0,14.819,0,0,0,0,17,1,0,0,0,13.655,14.053,1,4,0
2,-1,20.415,0,0,1,0,27,1,0,0,0,14.819,13.655,1,1,0
2,0,0,1,0,1,1,20,2,0,0,0,20.415,14.819,1,1,1
2,-1,20.928,0,1,1,0,44,1,0,0,0,0,20.415,2,1,0
2,-2,27.17,0,0,1,0,38,2,0,0,0,20.928,0,1,2,0
2,0,0,0,1,1,0,33,2,0,1,0,27.17,20.928,2,1,0
2,1,42.443,1,0,0,0,252,0,0,0,0,0,27.17,2,2,1
2,2,48.031,2,0,0,0,60,10,0,0,0,42.443,0,0,2,1
2,3,13.982,3,0,0,0,44,10,0,0,0,48.031,42.443,10,0,1
2,0,17.641,0,0,0,0,40,2,0,0,0,13.982,48.031,10,10,1
2,1,57.367,1,0,1,0,45,2,0,0,0,17.641,13.982,2,10,1
2,0,21.379,0,0,1,0,51,17,0,0,0,57.367,17.641,2,2,0
2,-1,20.945,0,1,1,0,38,4,0,0,0,21.379,57.367,17,2,0
2,0,12.222,1,0,1,1,69,2,0,0,0,20.945,21.379,4,17,1
2,1,12.157,2,0,1,1,21,1,0,0,0,12.222,20.945,2,4,1
2,0,11.746,0,0,1,1,19,1,0,0,0,12.157,12.222,1,2,1
2,1,0,1,0,0,0,30,1,0,0,0,11.746,12.157,1,1,1
2,0,18.501,0,0,0,0,30,0,0,0,0,0,11.746,1,1,0
2,-1,13.273,0,0,0,0,21,3,0,0,0,18.501,0,0,1,0
2,0,32.545,1,0,0,0,17,1,0,0,0,13.273,18.501,3,0,1
2,-1,13.953,0,0,0,0,51,4,0,0,0,32.545,13.273,1,3,0
2,0,13.372,1,0,0,0,18,1,0,0,0,13.953,32.545,4,1,1
2,-1,19.859,0,0,0,0,34,2,0,0,0,13.372,13.953,1,4,0
2,0,17.564,0,0,0,0,25,3,0,0,0,19.859,13.372,2,1,1
2,-1,20.562,0,0,0,0,37,2,0,0,0,17.564,19.859,3,2,0
2,0,16.966,0,0,0,0,36,1,0,0,0,20.562,17.564,2,3,0
2,1,12.763,1,0,1,0,90,3,0,0,0,16.966,20.562,1,2,1
2,0,27.514,0,0,1,0,25,1,0,0,0,12.763,16.966,3,1,0
2,1,12.666,1,0,1,0,36,6,0,0,0,27.514,12.763,1,3,1
2,0,0,0,1,1,0,16,1,0,1,0,12.666,27.514,6,1,0
2,1,19.605,1,0,1,0,32,0,0,0,0,0,12.666,1,6,1
2,0,15.94,0,0,1,0,26,1,0,0,0,19.605,0,0,1,1
2,-1,19.876,0,1,0,0,24,1,0,0,0,15.94,19.605,1,0,0
2,-2,14.785,0,0,0,0,33,3,0,0,0,19.876,15.94,1,1,0
2,-1,19.171,1,0,0,0,17,1,0,0,0,14.785,19.876,3,1,1
2,0,22.649,2,0,0,0,37,4,0,0,0,19.171,14.785,1,3,1
2,-1,22.05,0,0,0,0,46,6,0,0,0,22.649,19.171,4,1,0
2,0,15.328,1,0,0,0,42,5,0,0,0,22.05,22.649,6,4,1
2,-1,19.934,0,0,0,0,22,2,0,0,0,15.328,22.05,5,6,0
2,0,23.12,0,0,0,0,53,3,0,0,0,19.934,15.328,2,5,0
2,-1,16.11,0,0,1,0,87,3,0,0,0,23.12,19.934,3,2,0
2,-2,21.775,0,0,1,0,26,2,0,0,0,16.11,23.12,3,3,0
2,-3,26.105,0,0,1,0,34,4,0,0,0,21.775,16.11,2,3,0
2,-2,29.565,1,0,1,0,48,6,1,0,0,26.105,21.775,4,2,1
2,0,36.652,0,0,1,0,25,3,0,0,0,29.565,26.105,6,4,0
2,1,14.831,1,0,0,0,50,8,0,0,0,36.652,29.565,3,6,1
2,0,14.655,0,0,0,0,21,2,0,0,0,14.831,36.652,8,3,0
2,-1,17.683,0,0,0,0,17,1,0,0,0,14.655,14.831,2,8,0
2,0,28.988,1,0,0,0,18,1,0,0,0,17.683,14.655,1,2,1
2,-1,22.475,0,0,0,0,41,4,0,0,0,28.988,17.683,1,1,0
2,0,31.349,1,0,0,0,23,3,0,0,0,22.475,28.988,4,1,1
2,1,28.003,2,0,0,0,34,6,0,0,0,31.349,22.475,3,4,1
2,0,23.071,0,0,0,0,34,6,0,0,0,28.003,31.349,6,3,1
2,1,21.886,1,0,1,0,94,2,0,0,0,23.071,28.003,6,6,1
2,2,12.348,2,0,1,0,20,3,0,0,0,21.886,23.071,2,6,1
2,3,12.814,3,0,1,0,21,1,0,0,0,12.348,21.886,3,2,1
2,0,12.09,0,0,1,1,36,1,0,0,0,12.814,12.348,1,3,1
2,-1,14.365,0,0,0,0,37,1,0,0,0,12.09,12.814,1,1,0
2,-2,39.579,0,0,0,0,17,1,0,0,0,14.365,12.09,1,1,0
2,-3,14.12,0,0,0,0,41,7,0,0,0,39.579,14.365,1,1,0
2,-2,15.662,1,0,0,0,17,1,0,0,0,14.12,39.579,7,1,1
2,-1,20.86,2,0,0,0,19,2,0,0,0,15.662,14.12,1,7,1
2,0,33.28,0,1,0,0,28,2,0,0,0,20.86,15.662,2,1,0
2,1,12.652,1,0,1,1,116,9,0,0,0,33.28,20.86,2,2,1
2,2,23.336,2,0,1,0,21,1,1,0,0,12.652,33.28,9,2,1
2,3,16.544,3,0,1,0,33,7,0,0,0,23.336,12.652,1,9,1
2,0,12.074,0,0,1,1,22,3,0,0,0,16.544,23.336,7,1,1
2,-1,30.775,0,0,0,0,140,1,0,0,0,12.074,16.544,3,7,0
2,-2,15.725,0,0,0,0,40,7,0,0,0,30.775,12.074,1,3,0
2,-3,18.938,0,0,0,0,18,1,0,0,0,15.725,30.775,7,1,0
2,0,32.024,0,1,0,0,18,3,0,0,0,18.938,15.725,1,7,0
2,1,0,1,0,1,0,78,5,0,0,0,32.024,18.938,3,1,1
2,0,15.425,0,0,1,0,26,1,0,0,0,0,32.024,5,3,0
2,1,17.085,1,0,1,0,27,4,0,0,0,15.425,0,1,5,1
2,0,12.226,0,1,1,0,22,3,0,0,0,17.085,15.425,4,1,0
2,-1,12.436,0,1,1,0,234,2,0,0,0,12.226,17.085,3,4,0
2,0,29.089,1,0,1,0,25,2,0,0,0,12.436,12.226,2,3,1
2,1,12.279,2,0,1,0,32,7,0,0,0,29.089,12.436,2,2,1
2,0,34.201,0,0,1,0,35,1,0,0,0,12.279,29.089,7,2,1
2,-1,21.569,0,1,0,0,39,9,0,0,0,34.201,12.279,1,7,0
2,0,23.206,1,0,0,0,43,1,0,0,0,21.569,34.201,9,1,1
2,-1,13.834,0,0,0,0,37,4,0,0,0,23.206,21.569,1,9,0
2,-2,18.594,0,0,0,0,16,1,0,0,0,13.834,23.206,4,1,0
2,0,19.904,0,0,0,0,26,1,0,0,0,18.594,13.834,1,4,0
2,1,17.365,1,0,1,0,104,3,0,0,0,19.904,18.594,1,1,1
2,2,12.862,2,0,1,1,28,1,0,0,0,17.365,19.904,3,1,1
2,1,16.39,0,1,1,0,18,1,0,1,0,12.862,17.365,1,3,0
2,2,12.847,1,0,1,0,30,0,0,0,0,16.39,12.862,1,1,1
2,1,28.471,0,0,1,0,28,1,0,0,0,12.847,16.39,0,1,0
2,0,20.614,0,0,1,0,28,6,1,0,0,28.471,12.847,1,0,1
2,1,37.239,1,0,0,0,29,3,0,0,0,20.614,28.471,6,1,1
2,0,28.708,0,0,0,0,32,8,0,0,0,37.239,20.614,3,6,0
2,1,13.236,1,0,0,0,23,3,0,0,0,28.708,37.239,8,3,1
2,0,27.949,0,1,0,0,22,2,0,0,0,13.236,28.708,3,8,0
2,1,17.513,1,0,0,0,46,7,0,0,0,27.949,13.236,2,3,1
2,0,13.84,0,1,0,0,36,2,0,0,1,17.513,27.949,7,2,0
2,-1,13.551,0,0,0,0,38,1,0,0,0,13.84,17.513,2,7,0
2,0,13.925,0,0,0,0,24,3,0,0,0,13.551,13.84,1,2,0
2,-1,22.765,0,0,1,0,109,1,0,0,0,13.925,13.551,3,1,0
2,0,18.121,1,0,1,0,30,4,1,0,0,22.765,13.925,1,3,1
2,1,12.912,2,0,1,0,24,3,0,0,0,18.121,22.765,4,1,1
2,0,16.338,0,1,1,0,19,1,0,0,0,12.912,18.121,3,4,0
2,1,19.393,1,0,1,0,28,4,0,0,0,16.338,12.912,1,3,1
2,0,31.452,0,0,1,0,24,3,0,0,0,19.393,16.338,4,1,1
2,-1,17.76,0,0,0,0,68,5,0,0,0,31.452,19.393,3,4,0
2,-2,27.445,0,0,0,0,18,3,0,0,0,17.76,31.452,5,3,0
2,-3,13.786,0,0,0,0,36,5,0,0,0,27.445,17.76,3,5,0
2,0,14.043,0,0,0,0,19,1,0,0,0,13.786,27.445,5,3,0
2,-1,18.638,0,1,1,0,89,1,0,0,0,14.043,13.786,1,5,0
2,-2,30.637,0,0,1,0,19,2,0,0,0,18.638,14.043,1,1,0
2,-3,16.278,0,1,1,0,39,4,0,1,0,30.637,18.638,2,1,0
2,0,27.439,0,1,1,0,35,0,0,0,0,16.278,30.637,4,2,0
2,-1,15.031,0,0,0,0,35,6,0,0,0,27.439,16.278,0,4,0
2,-2,19.871,0,1,0,0,15,1,0,0,0,15.031,27.439,6,0,0
2,-3,16.6,0,0,0,0,31,3,0,0,0,19.871,15.031,1,6,0
2,0,22.007,0,0,0,0,18,1,0,0,0,16.6,19.871,3,1,0
3,0,0,0,0,0,0,0,5,0,0,0,22.007,16.6,1,3,0
3,0,0,0,0,0,0,0,0,0,0,0,0,22.007,5,1,0
3,-1,17.797,0,0,0,0,0,0,0,0,0,0,0,0,5,0
3,-2,29.354,0,1,0,0,20,1,0,0,0,17.797,0,0,0,0
3,-3,25.705,0,1,0,0,26,3,0,0,0,29.354,17.797,1,0,0
3,0,29.88,0,0,0,0,36,3,0,0,0,25.705,29.354,3,1,0
3,1,22.291,1,0,1,0,58,7,0,0,0,29.88,25.705,3,3,1
3,2,11.986,2,0,1,1,31,3,0,0,0,22.291,29.88,7,3,1
3,3,14.983,3,0,1,0,19,1,0,0,0,11.986,22.291,3,7,1
3,0,20.617,0,0,1,0,19,1,0,0,0,14.983,11.986,1,3,1
3,1,42.351,1,0,0,0,43,1,0,0,0,20.617,14.983,1,1,1
3,0,19.044,0,0,0,0,34,8,0,0,0,42.351,20.617,1,1,0
3,1,34.694,1,0,0,0,23,1,0,0,0,19.044,42.351,8,1,1
3,2,25.365,2,0,0,0,31,6,0,0,0,34.694,19.044,1,8,1
3,1,52.63,0,1,0,0,38,2,0,0,1,25.365,34.694,6,1,0
3,0,43.251,0,0,0,0,64,11,0,0,0,52.63,25.365,2,6,1
3,1,45.518,1,0,1,0,109,10,0,0,0,43.251,52.63,11,2,1
3,2,22.837,2,0,1,0,41,9,0,0,0,45.518,43.251,10,11,1
3,3,16.126,3,0,1,0,37,5,0,0,0,22.837,45.518,9,10,1
3,0,17.806,0,0,1,0,34,1,0,0,0,16.126,22.837,5,9,1
3,1,21.448,1,0,0,0,47,1,0,0,0,17.806,16.126,1,5,1
3,2,35.975,2,0,0,0,85,2,0,0,0,21.448,17.806,1,1,1
3,3,21.346,3,0,0,0,34,8,0,0,0,35.975,21.448,2,1,1
3,0,38.466,0,0,0,0,32,2,0,0,0,21.346,35.975,8,2,1
3,-1,31.805,0,1,1,0,122,8,0,0,0,38.466,21.346,2,8,0
3,0,12.5,1,0,1,0,35,4,0,0,0,31.805,38.466,8,2,1
3,-1,48.442,0,1,1,0,35,1,0,0,0,12.5,31.805,4,8,0
3,0,31.843,1,0,1,0,47,10,0,0,0,48.442,12.5,1,4,1
3,-1,15.324,0,1,1,0,41,7,0,0,0,31.843,48.442,10,1,0
3,0,15.196,1,0,1,0,23,2,0,0,0,15.324,31.843,7,10,1
3,1,17.26,2,0,1,0,33,1,0,0,0,15.196,15.324,2,7,1
3,0,24.666,0,0,1,0,31,1,1,0,0,17.26,15.196,1,2,1
3,1,9.037,1,0,0,0,63,5,0,0,0,24.666,17.26,1,1,1
3,0,24.401,0,1,0,0,30,2,0,0,0,9.037,24.666,5,1,0
3,1,30.578,1,0,0,0,38,3,0,0,0,24.401,9.037,2,5,1
3,2,14.142,2,0,0,0,32,6,0,0,0,30.578,24.401,3,2,1
3,1,29.959,0,1,0,0,34,0,0,0,1,14.142,30.578,6,3,0
3,0,51.143,0,0,0,0,24,3,1,0,0,29.959,14.142,0,6,1
3,-1,13.04,0,1,1,0,133,12,0,1,0,51.143,29.959,3,0,0
3,-2,37.158,0,0,1,0,24,0,0,0,0,13.04,51.143,12,3,0
3,-1,20.584,1,0,1,0,47,8,0,0,0,37.158,13.04,0,12,1
3,-2,13.527,0,1,1,0,29,5,0,1,0,20.584,37.158,8,0,0
3,0,36.838,0,1,1,0,33,0,0,0,0,13.527,20.584,5,8,0
3,1,28.91,1,0,0,0,75,8,0,0,0,36.838,13.527,0,5,1
3,2,24.228,2,0,0,0,24,4,0,0,0,28.91,36.838,8,0,1
3,1,26.572,0,0,0,0,23,2,0,0,0,24.228,28.91,4,8,0
3,0,26.266,0,0,0,0,34,3,0,0,0,26.572,24.228,2,4,0
3,1,24.253,1,0,0,0,24,3,0,0,0,26.266,26.572,3,2,1
3,0,34.611,0,0,0,0,23,2,1,0,0,24.253,26.266,3,3,1
3,1,16.953,1,0,1,0,47,8,0,0,0,34.611,24.253,2,3,1
3,0,15.913,0,0,1,0,20,1,0,0,0,16.953,34.611,8,2,0
3,-1,33.389,0,0,1,0,30,2,0,0,0,15.913,16.953,1,8,0
3,0,12.426,1,0,1,1,28,4,0,0,0,33.389,15.913,2,1,1
3,-1,26.966,0,1,1,0,23,1,0,0,0,12.426,33.389,4,2,0
3,0,29.062,1,0,1,0,35,4,1,0,0,26.966,12.426,1,4,1
3,1,16.42,2,0,1,0,35,5,0,0,0,29.062,26.966,4,1,1
3,0,37.274,0,0,1,0,20,1,0,0,0,16.42,29.062,5,4,1
3,-1,18.332,0,0,0,0,120,5,0,0,0,37.274,16.42,1,5,0
3,-2,26.648,0,0,0,0,21,1,0,0,0,18.332,37.274,5,1,0
3,-1,31.588,1,0,0,0,40,3,0,0,0,26.648,18.332,1,5,1
3,-2,33.105,0,1,0,0,40,4,0,0,0,31.588,26.648,3,1,0
3,-1,18.748,1,0,0,0,27,3,0,0,0,33.105,31.588,4,3,1
3,0,22,2,0,0,0,33,0,0,0,0,18.748,33.105,3,4,1
3,-1,31.709,0,0,0,0,41,4,0,0,0,22,18.748,0,3,0
3,0,49.387,0,0,0,0,39,3,0,0,0,31.709,22,4,0,1
3,1,23.537,1,0,0,0,38,10,0,0,0,49.387,31.709,3,4,1
3,0,28.684,0,1,0,0,33,2,0,0,1,23.537,49.387,10,3,0
3,1,23.738,1,0,0,0,26,3,0,0,0,28.684,23.537,2,10,1
3,0,41.467,0,0,0,0,38,4,0,0,1,23.738,28.684,3,2,0
3,1,39.663,1,0,0,0,29,7,1,0,0,41.467,23.738,4,3,1
3,0,27.275,0,0,0,0,47,8,0,0,0,39.663,41.467,7,4,1
3,-1,15.648,0,1,1,0,51,2,0,1,0,27.275,39.663,8,7,0
3,0,19.019,1,0,1,0,31,0,0,0,0,15.648,27.275,2,8,1
3,1,21.775,2,0,1,0,20,1,0,0,0,19.019,15.648,0,2,1
3,0,13.392,0,1,1,0,25,3,0,1,0,21.775,19.019,1,0,0
3,1,12.231,1,0,1,1,29,0,0,0,0,13.392,21.775,3,1,1
3,0,26.685,0,0,1,0,21,1,0,0,0,12.231,13.392,0,3,1
3,-1,38.443,0,1,0,0,108,5,0,0,0,26.685,12.231,1,0,0
3,-2,39.517,0,1,0,0,29,7,0,0,0,38.443,26.685,5,1,0
3,-1,24.778,1,0,0,0,46,7,0,0,0,39.517,38.443,7,5,1
3,0,34.056,2,0,0,0,26,2,0,0,0,24.778,39.517,7,7,1
3,-1,40.443,0,0,0,0,30,8,0,0,0,34.056,24.778,2,7,0
3,0,28.188,1,0,0,0,52,9,0,0,0,40.443,34.056,8,2,1
3,1,41.3,2,0,0,0,48,6,0,0,0,28.188,40.443,9,8,1
3,0,14.2,0,0,0,0,50,8,0,0,1,41.3,28.188,6,9,0
3,-1,14.124,0,0,0,0,23,1,0,0,0,14.2,41.3,8,6,0
3,0,18.203,0,0,0,0,20,1,0,0,0,14.124,14.2,1,8,0
3,1,19.202,1,0,1,0,32,1,0,0,0,18.203,14.124,1,1,1
3,2,14.147,2,0,1,0,22,3,0,0,0,19.202,18.203,1,1,1
3,1,19.433,0,0,1,0,19,1,0,0,0,14.147,19.202,3,1,0
3,0,37.525,0,0,1,0,23,2,0,0,0,19.433,14.147,1,3,0
3,-1,27.736,0,1,1,0,33,8,0,0,0,37.525,19.433,2,1,0
3,0,20.647,0,1,1,0,28,6,0,0,0,27.736,37.525,8,2,0
3,1,28.03,1,0,0,0,110,4,0,0,0,20.647,27.736,6,8,1
3,0,38.157,0,0,0,0,30,6,0,0,0,28.03,20.647,4,6,0
3,-1,50.422,0,1,0,0,40,5,0,0,0,38.157,28.03,6,4,0
3,0,35.135,1,0,0,0,40,7,0,0,0,50.422,38.157,5,6,1
3,1,24.486,2,0,0,0,38,8,0,0,0,35.135,50.422,7,5,1
3,0,54.093,0,0,0,0,29,4,0,0,0,24.486,35.135,8,7,1
3,1,12.494,1,0,1,1,63,10,0,0,0,54.093,24.486,4,8,1
3,2,14.163,2,0,1,0,48,1,1,0,0,12.494,54.093,10,4,1
3,3,25.427,3,0,1,0,24,3,0,0,0,14.163,12.494,1,10,1
3,2,21.992,0,1,1,0,49,3,0,0,0,25.427,14.163,3,1,0
3,0,11.947,0,0,1,1,28,4,0,0,0,21.992,25.427,3,3,1
4,0,0,0,0,0,0,0,1,0,0,0,11.947,21.992,4,3,0
4,0,0,0,0,0,0,0,0,0,0,0,0,11.947,1,4,0
4,-1,66.177,0,1,0,0,0,0,0,0,0,0,0,0,1,0
4,0,31.143,1,0,0,0,55,17,0,0,0,66.177,0,0,0,1
4,-1,18.852,0,0,0,0,27,4,0,0,0,31.143,66.177,17,0,0
4,0,13.169,1,0,0,0,30,1,0,0,0,18.852,31.143,4,17,1
4,-1,22.442,0,0,0,0,24,0,0,0,0,13.169,18.852,1,4,0
4,0,28.922,1,0,0,0,22,3,0,0,0,22.442,13.169,0,1,1
4,-1,21.128,0,1,0,0,29,2,0,0,0,28.922,22.442,3,0,0
4,0,30.995,0,0,0,0,33,3,0,0,0,21.128,28.922,2,3,1
4,-1,31.254,0,0,0,0,20,2,0,0,0,30.995,21.128,3,2,0
4,0,33.673,0,1,0,0,16,1,0,0,0,31.254,30.995,2,3,0
4,1,50.227,1,0,1,0,67,5,0,0,0,33.673,31.254,1,2,1
4,0,75.913,0,0,1,0,39,9,0,0,0,50.227,33.673,5,1,0
4,-1,36.454,0,0,1,0,51,10,0,0,0,75.913,50.227,9,5,0
4,-2,37.566,0,0,1,0,53,6,0,0,0,36.454,75.913,10,9,0
4,-1,13.381,1,0,1,0,50,6,0,0,0,37.566,36.454,6,10,1
4,0,42.532,0,0,1,0,46,1,0,0,0,13.381,37.566,6,6,0
4,-1,13.278,0,0,0,0,73,8,0,0,0,42.532,13.381,1,6,0
4,-2,36.749,0,0,0,0,19,1,0,0,0,13.278,42.532,8,1,0
4,-1,14.645,1,0,0,0,34,3,0,0,0,36.749,13.278,1,8,1
4,0,19.628,2,0,0,0,27,0,0,0,0,14.645,36.749,3,1,1
4,-1,43.586,0,0,0,0,19,2,0,0,0,19.628,14.645,0,3,0
4,0,12.745,1,0,0,0,41,13,0,0,0,43.586,19.628,2,0,1
4,-1,14.422,0,0,0,0,25,0,0,0,0,12.745,43.586,13,2,0
4,0,57.093,0,0,0,0,17,1,0,0,0,14.422,12.745,0,13,1
4,-1,38.546,0,0,0,0,45,10,0,0,0,57.093,14.422,1,0,0
4,0,27.512,0,1,0,0,31,7,0,0,0,38.546,57.093,10,1,0
4,1,19.173,1,0,1,0,107,5,0,0,0,27.512,38.546,7,10,1
4,2,19.594,2,0,1,0,41,1,0,0,0,19.173,27.512,5,7,1
4,3,11.818,3,0,1,0,27,3,0,0,0,19.594,19.173,1,5,1
4,0,19.222,0,0,1,0,24,1,0,0,0,11.818,19.594,3,1,1
4,-1,31.976,0,0,0,0,61,1,0,0,0,19.222,11.818,1,3,0
4,-2,30.792,0,0,0,0,25,5,0,0,0,31.976,19.222,1,1,0
4,-1,20.364,1,0,0,0,35,5,0,0,0,30.792,31.976,5,1,1
4,-2,21.84,0,0,0,0,20,4,0,0,0,20.364,30.792,5,5,0
4,0,30.521,0,0,0,0,22,3,0,0,0,21.84,20.364,4,5,0
4,1,12.125,1,0,1,1,106,5,0,0,0,30.521,21.84,3,4,1
4,0,16.438,0,0,1,0,23,1,0,0,0,12.125,30.521,5,3,0
4,1,22.719,1,0,1,0,28,2,1,0,0,16.438,12.125,1,5,1
4,2,44.149,2,0,1,0,47,5,0,0,0,22.719,16.438,2,1,1
4,0,17.367,0,0,1,0,53,9,0,0,0,44.149,22.719,5,2,1
4,-1,16.953,0,0,0,0,31,1,0,0,0,17.367,44.149,9,5,0
4,0,16.682,1,0,0,0,19,3,0,0,0,16.953,17.367,1,9,1
4,-1,30.688,0,0,0,0,19,2,0,0,0,16.682,16.953,3,1,0
4,0,25.233,1,0,0,0,25,3,0,0,0,30.688,16.682,2,3,1
4,1,23.61,2,0,0,0,28,4,0,0,0,25.233,30.688,3,2,1
4,0,25.815,0,0,0,0,31,4,0,0,1,23.61,25.233,4,3,0
4,1,30.445,1,0,0,0,37,5,0,0,0,25.815,23.61,4,4,1
4,0,60.888,0,0,0,0,26,4,0,0,1,30.445,25.815,5,4,0
4,-1,16.746,0,1,0,0,46,9,0,0,0,60.888,30.445,4,5,0
4,0,33.27,0,0,0,0,28,1,0,0,0,16.746,60.888,9,4,0
4,-1,23.997,0,1,1,0,119,5,0,0,0,33.27,16.746,1,9,0
4,-2,26.714,0,1,1,0,40,4,0,0,0,23.997,33.27,5,1,0
4,-3,17.091,0,1,1,0,33,4,0,1,0,26.714,23.997,4,5,0
4,0,20.976,0,1,1,0,34,0,0,0,0,17.091,26.714,4,4,0
4,1,23.715,1,0,0,0,121,2,0,0,0,20.976,17.091,0,4,1
4,2,37.212,2,0,0,0,17,2,1,0,0,23.715,20.976,2,0,1
4,3,13.967,3,0,0,0,27,6,0,0,0,37.212,23.715,2,2,1
4,2,5.702,0,0,0,0,22,0,0,0,1,13.967,37.212,6,2,0
4,1,18.74,0,1,0,0,16,1,0,0,1,5.702,13.967,0,6,0
4,0,17.573,0,0,0,0,24,1,0,0,1,18.74,5.702,1,0,0
4,-1,43.542,0,0,0,0,19,1,0,0,0,17.573,18.74,1,1,0
4,0,56.151,0,1,0,0,22,3,0,0,0,43.542,17.573,1,1,0
4,1,49.553,1,0,1,0,67,13,1,0,0,56.151,43.542,3,1,1
4,0,43.336,0,0,1,0,59,11,0,0,0,49.553,56.151,13,3,0
4,1,25.94,1,0,1,0,43,10,0,0,0,43.336,49.553,11,13,1
4,2,18.337,2,0,1,0,31,3,1,0,0,25.94,43.336,10,11,1
4,0,21.515,0,0,1,0,32,3,0,0,0,18.337,25.94,3,10,1
4,1,16.716,1,0,0,0,48,3,0,0,0,21.515,18.337,3,3,1
4,2,31.844,2,0,0,0,15,2,0,0,0,16.716,21.515,3,3,1
4,3,45.546,3,0,0,0,18,2,0,0,0,31.844,16.716,2,3,1
4,2,30.703,0,0,0,0,39,10,0,0,1,45.546,31.844,2,2,0
4,0,19.877,0,0,0,0,32,5,0,0,0,30.703,45.546,10,2,1
4,-1,0,0,0,1,0,189,2,0,0,0,19.877,30.703,5,10,0
4,-2,39.181,0,1,1,0,45,12,0,0,0,0,19.877,2,5,0
4,-1,18.684,1,0,1,0,35,4,1,0,0,39.181,0,12,2,1
4,0,35.841,2,0,1,0,49,5,0,0,0,18.684,39.181,4,12,1
4,1,29.911,3,0,1,0,39,7,0,0,0,35.841,18.684,5,4,1
4,0,37.003,0,0,1,0,30,3,0,0,0,29.911,35.841,7,5,0
4,-1,27.454,0,1,1,0,55,8,0,0,0,37.003,29.911,3,7,0
4,0,13.941,0,0,1,0,54,4,1,0,0,27.454,37.003,8,3,1
4,-1,33.225,0,1,1,0,32,3,0,0,0,13.941,27.454,4,8,0
4,0,62.284,0,1,1,0,50,6,0,0,0,33.225,13.941,3,4,0
4,-1,27.793,0,1,0,0,69,14,0,0,0,62.284,33.225,6,3,0
4,-2,18.412,0,0,0,0,24,5,0,0,0,27.793,62.284,14,6,0
4,-3,43.533,0,1,0,0,17,1,0,0,0,18.412,27.793,5,14,0
4,0,17.985,0,0,0,0,44,11,0,0,0,43.533,18.412,1,5,0
4,1,13.358,1,0,1,0,127,1,0,0,0,17.985,43.533,11,1,1
4,0,20.943,0,1,1,0,27,1,0,0,0,13.358,17.985,1,11,0
4,-1,17.266,0,1,1,0,26,2,0,0,0,20.943,13.358,1,1,0
4,-2,23.823,0,1,1,0,45,2,0,0,0,17.266,20.943,2,1,0
4,0,39.791,0,0,1,0,49,4,0,0,0,23.823,17.266,2,2,0
4,1,33.695,1,0,0,0,39,6,0,0,0,39.791,23.823,4,2,1
4,0,25.758,0,1,0,0,26,6,0,0,0,33.695,39.791,6,4,0
4,-1,37.05,0,0,0,0,31,3,0,0,0,25.758,33.695,6,6,0
4,-2,21.557,0,0,0,0,36,9,0,0,0,37.05,25.758,3,6,0
4,0,36.347,0,0,0,0,18,1,0,0,0,21.557,37.05,9,3,0
4,-1,27.661,0,1,1,0,116,9,0,0,0,36.347,21.557,1,9,0
4,0,55.356,1,0,1,0,55,4,0,0,0,27.661,36.347,9,1,1
4,1,15.837,2,0,1,0,48,13,0,0,0,55.356,27.661,4,9,1
4,2,16.476,3,0,1,0,26,1,0,0,0,15.837,55.356,13,4,1
4,1,18.426,0,1,1,0,25,1,0,0,0,16.476,15.837,1,13,0
4,0,34.939,0,0,1,0,28,2,1,0,0,18.426,16.476,1,1,1
4,-1,26.095,0,0,0,0,51,7,0,0,0,34.939,18.426,2,1,0
4,-2,14.238,0,1,0,0,30,1,0,0,0,26.095,34.939,7,2,0
4,-1,47.254,1,0,0,0,27,1,0,0,0,14.238,26.095,1,7,1
4,0,33.516,2,0,0,0,40,10,0,0,0,47.254,14.238,1,1,1
4,-1,30.917,0,1,0,0,40,6,0,0,0,33.516,47.254,10,1,0
4,0,39.568,1,0,0,0,40,7,0,0,0,30.917,33.516,6,10,1
4,1,32.823,2,0,0,0,40,8,0,0,0,39.568,30.917,7,6,1
4,0,35.507,0,0,0,0,48,6,0,0,1,32.823,39.568,8,7,0
4,-1,17.057,0,1,0,0,35,5,0,0,0,35.507,32.823,6,8,0
4,0,50.357,0,1,0,0,32,1,0,0,0,17.057,35.507,5,6,0
5,0,0,0,0,0,0,0,11,0,0,0,50.357,17.057,1,5,0
5,0,0,0,0,0,0,0,0,0,0,0,0,50.357,11,1,0
5,1,28.072,1,0,1,0,0,0,0,0,0,0,0,0,11,1
5,2,18.054,2,0,1,0,38,3,0,0,0,28.072,0,0,0,1
5,1,20.673,0,1,1,0,22,1,0,0,0,18.054,28.072,3,0,0
5,2,27.452,1,0,1,0,23,2,1,0,0,20.673,18.054,1,3,1
5,1,37.321,0,0,1,0,74,7,0,0,0,27.452,20.673,2,1,0
5,0,16.7,0,1,1,0,45,8,0,1,0,37.321,27.452,7,2,0
5,1,11.774,1,0,1,1,35,0,0,0,0,16.7,37.321,8,7,1
5,0,26.382,0,0,1,0,21,1,0,0,0,11.774,16.7,0,8,1
5,1,38.315,1,0,0,0,69,5,0,0,0,26.382,11.774,1,0,1
5,0,50.738,0,0,0,0,58,8,0,0,0,38.315,26.382,5,1,0
5,1,44.301,1,0,0,0,43,11,0,0,0,50.738,38.315,8,5,1
5,0,36.475,0,0,0,0,47,8,0,0,0,44.301,50.738,11,8,0
5,-1,21.259,0,1,0,0,36,7,0,0,0,36.475,44.301,8,11,0
5,0,60.201,1,0,0,0,37,1,0,0,0,21.259,36.475,7,8,1
5,-1,16.947,0,1,0,0,68,16,0,0,0,60.201,21.259,1,7,0
5,0,73.179,0,0,0,0,37,1,0,0,0,16.947,60.201,16,1,0
5,1,16.956,1,0,1,0,45,7,0,0,0,73.179,16.947,1,16,1
5,2,12.709,2,0,1,0,18,1,0,0,0,16.956,73.179,7,1,1
5,3,19.927,3,0,1,0,21,1,0,0,0,12.709,16.956,1,7,1
5,0,12.598,0,0,1,1,35,1,0,0,0,19.927,12.709,1,1,1
5,1,26.89,1,0,0,0,117,1,1,0,0,12.598,19.927,1,1,1
5,2,14.805,2,0,0,0,31,4,0,0,0,26.89,12.598,1,1,1
5,1,19.232,0,1,0,0,34,2,0,0,0,14.805,26.89,4,1,0
5,0,0,0,0,0,0,23,1,0,0,0,19.232,14.805,2,4,0
5,-1,26.35,0,1,0,0,22,1,0,0,0,0,19.232,1,2,0
5,0,33.621,1,0,0,0,53,1,0,0,0,26.35,0,1,1,1
5,-1,68.786,0,1,0,0,63,6,0,0,0,33.621,26.35,1,1,0
5,0,41.817,0,0,0,0,50,17,0,0,0,68.786,33.621,6,1,1
5,-1,17.894,0,0,0,0,37,8,0,0,0,41.817,68.786,17,6,0
5,0,21.124,0,0,0,0,36,1,0,0,0,17.894,41.817,8,17,1
5,1,50.082,1,0,0,0,28,2,1,0,0,21.124,17.894,1,8,1
5,0,31.941,0,0,0,0,58,12,0,0,1,50.082,21.124,2,1,0
5,-1,42.325,0,0,0,0,52,7,0,0,0,31.941,50.082,12,2,0
5,0,29.955,0,1,0,0,33,7,0,0,0,42.325,31.941,7,12,0
5,1,17.917,1,0,1,0,48,7,1,0,0,29.955,42.325,7,7,1
5,2,33.541,2,0,1,0,24,3,0,0,0,17.917,29.955,7,7,1
5,3,32.024,3,0,1,0,47,5,0,0,0,33.541,17.917,3,7,1
5,2,12.19,0,1,1,0,42,5,0,0,0,32.024,33.541,5,3,0
5,0,14.265,0,0,1,0,25,2,0,0,0,12.19,32.024,5,5,1
5,1,19.952,1,0,0,0,107,1,0,0,0,14.265,12.19,2,5,1
5,2,20.876,2,0,0,0,47,2,0,0,0,19.952,14.265,1,2,1
5,3,45.96,3,0,0,0,34,2,0,0,0,20.876,19.952,2,1,1
5,2,45.151,0,0,0,0,35,8,0,0,1,45.96,20.876,2,2,0
5,0,66.722,0,0,0,0,36,7,1,0,0,45.151,45.96,8,2,1
5,1,28.523,1,0,1,0,73,16,1,0,0,66.722,45.151,7,8,1
5,2,12.047,2,0,1,1,29,3,0,0,0,28.523,66.722,16,7,1
5,3,47.299,3,0,1,0,21,1,0,0,0,12.047,28.523,3,16,1
5,0,17.894,0,0,1,0,35,9,1,0,0,47.299,12.047,1,3,1
5,-1,27.345,0,0,0,0,108,3,0,0,0,17.894,47.299,9,1,0
5,0,30.488,1,0,0,0,29,5,1,0,0,27.345,17.894,3,9,1
5,1,28.709,2,0,0,0,35,8,0,0,0,30.488,27.345,5,3,1
5,2,15.337,3,0,0,0,42,4,0,0,0,28.709,30.488,8,5,1
5,0,19.795,0,0,0,0,33,0,0,0,0,15.337,28.709,4,8,1
5,1,13.659,1,0,1,0,131,2,0,0,0,19.795,15.337,0,4,1
5,2,24.362,2,0,1,0,16,1,0,0,0,13.659,19.795,2,0,1
5,3,17.192,3,0,1,0,19,1,0,0,0,24.362,13.659,1,2,1
5,0,12.331,0,0,1,1,21,3,0,0,0,17.192,24.362,1,1,1
5,-1,17.494,0,0,0,0,53,1,0,0,0,12.331,17.192,3,1,0
5,0,41.356,1,0,0,0,21,1,1,0,0,17.494,12.331,1,3,1
5,1,13.097,2,0,0,0,44,10,0,0,0,41.356,17.494,1,1,1
5,2,66.753,3,0,0,0,32,0,0,0,0,13.097,41.356,10,1,1
5,1,30.19,0,1,0,0,52,14,0,0,1,66.753,13.097,0,10,0
5,0,36.659,0,0,0,0,56,7,0,0,0,30.19,66.753,14,0,1
5,-1,58.477,0,0,1,0,42,6,0,0,0,36.659,30.19,7,14,0
5,0,34.756,1,0,1,0,43,12,1,0,0,58.477,36.659,6,7,1
5,1,12.3,2,0,1,1,37,7,0,0,0,34.756,58.477,12,6,1
5,2,18.506,3,0,1,0,23,1,0,0,0,12.3,34.756,7,12,1
5,0,13.764,0,0,1,0,20,1,1,0,0,18.506,12.3,1,7,1
5,-1,25.967,0,1,0,0,107,3,0,0,0,13.764,18.506,1,1,0
5,0,42.917,1,0,0,0,26,5,0,0,0,25.967,13.764,3,1,1
5,-1,16.447,0,1,0,0,43,12,0,0,0,42.917,25.967,5,3,0
5,-2,43.243,0,0,0,0,34,1,0,0,0,16.447,42.917,12,5,0
5,-1,16.318,1,0,0,0,36,9,0,0,0,43.243,16.447,1,12,1
5,0,73.612,2,0,0,0,25,2,0,0,0,16.318,43.243,9,1,1
5,-1,34.748,0,1,0,0,67,18,0,0,0,73.612,16.318,2,9,0
5,0,20.553,0,0,0,0,45,5,0,0,0,34.748,73.612,18,2,0
5,1,21.818,1,0,1,0,41,3,0,0,0,20.553,34.748,5,18,1
5,2,28.972,2,0,1,0,21,1,0,0,0,21.818,20.553,3,5,1
5,3,16.618,3,0,1,0,42,5,1,0,0,28.972,21.818,1,3,1
5,0,2.209,0,0,1,0,54,3,0,0,0,16.618,28.972,5,1,1
5,-1,29.289,0,1,0,0,100,1,0,0,0,2.209,16.618,3,5,0
5,-2,24.951,0,1,0,0,27,3,0,0,0,29.289,2.209,1,3,0
5,-3,61.036,0,0,0,0,27,3,0,0,0,24.951,29.289,3,1,0
5,0,15.56,0,1,0,0,37,9,0,0,0,61.036,24.951,3,3,0
5,-1,50.576,0,0,1,0,48,1,0,0,0,15.56,61.036,9,3,0
5,0,18.635,1,0,1,0,36,10,0,0,0,50.576,15.56,1,9,1
5,-1,40.664,0,1,1,0,24,1,0,0,0,18.635,50.576,10,1,0
5,0,18.73,1,0,1,0,39,10,0,0,0,40.664,18.635,1,10,1
5,-1,12.071,0,1,1,0,38,3,0,1,0,18.73,40.664,10,1,0
5,0,12.175,1,0,1,0,37,0,0,0,0,12.071,18.73,3,10,1
5,1,15.747,2,0,1,0,20,1,0,0,0,12.175,12.071,0,3,1
5,0,42.613,0,0,1,0,37,1,0,0,0,15.747,12.175,1,0,0
5,1,14.649,1,0,1,1,59,8,0,0,0,42.613,15.747,1,1,1
5,0,67.781,0,0,1,0,22,1,0,0,0,14.649,42.613,8,1,0
5,-1,11.817,0,1,1,0,66,10,0,1,0,67.781,14.649,1,8,0
5,0,12.069,0,0,1,1,38,0,0,0,0,11.817,67.781,10,1,1
5,1,41.919,1,0,1,0,23,1,1,0,0,12.069,11.817,0,10,1
5,0,44.148,0,0,1,0,39,11,0,0,0,41.919,12.069,1,0,0
5,-1,24.271,0,0,1,0,43,8,0,0,0,44.148,41.919,11,1,0
5,0,15.131,0,0,1,0,51,4,1,0,0,24.271,44.148,8,11,1
5,1,12.177,1,0,1,1,31,3,0,0,0,15.131,24.271,4,8,1
5,0,16.127,0,0,1,0,27,1,0,0,0,12.177,15.131,3,4,1
5,-1,26.359,0,0,0,0,124,1,0,0,0,16.127,12.177,1,3,0
5,-2,17.041,0,0,0,0,32,3,0,0,0,26.359,16.127,1,1,0
5,-1,13.212,1,0,0,0,22,1,0,0,0,17.041,26.359,3,1,1
5,0,17.059,2,0,0,0,36,0,0,0,0,13.212,17.041,1,3,1
5,1,19.759,3,0,0,0,29,2,0,0,0,17.059,13.212,0,1,1
5,0,41.237,0,0,0,0,34,2,0,0,1,19.759,17.059,2,0,0
5,1,71.522,1,0,0,0,41,9,0,0,0,41.237,19.759,2,2,1
5,0,20.189,0,0,0,0,66,10,0,0,1,71.522,41.237,9,2,0
5,-1,24.189,0,0,0,0,26,3,0,0,0,20.189,71.522,10,9,0
5,0,18.099,0,0,0,0,42,5,0,0,0,24.189,20.189,3,10,1
5,1,45.79,1,0,0,0,28,2,0,0,0,18.099,24.189,5,3,1
5,0,22.532,0,0,0,0,46,10,0,0,1,45.79,18.099,2,5,0
5,1,73.632,1,0,0,0,27,3,0,0,0,22.532,45.79,10,2,1
5,0,22.724,0,0,0,0,71,16,0,0,0,73.632,22.532,3,10,1
6,0,0,0,0,0,0,0,4,0,0,0,22.724,73.632,16,3,0
6,0,0,0,0,0,0,0,0,0,0,0,0,22.724,4,16,0
6,-1,38.655,0,1,0,0,0,0,0,0,0,0,0,0,4,0
6,-2,13.394,0,0,0,0,32,5,0,0,0,38.655,0,0,0,0
6,-1,15.487,1,0,0,0,20,1,0,0,0,13.394,38.655,5,0,1
6,0,31.631,2,0,0,0,34,0,0,0,0,15.487,13.394,1,5,1
6,1,14.391,3,0,0,0,46,6,0,0,0,31.631,15.487,0,1,1
6,0,13.45,0,0,0,0,33,0,0,0,1,14.391,31.631,6,0,0
6,-1,20.372,0,0,0,0,21,1,0,0,0,13.45,14.391,0,6,0
6,0,33.011,0,0,0,0,50,3,1,0,0,20.372,13.45,1,0,1
6,-1,17.798,0,0,0,0,51,8,0,0,0,33.011,20.372,3,1,0
6,0,13.998,0,0,0,0,29,3,0,0,0,17.798,33.011,8,3,0
6,1,12.269,1,0,1,0,50,1,0,0,0,13.998,17.798,3,8,1
6,2,12.514,2,0,1,1,15,1,0,0,0,12.269,13.998,1,3,1
6,3,22.561,3,0,1,0,14,1,0,0,0,12.514,12.269,1,1,1
6,2,16.381,0,0,1,0,16,1,0,0,0,22.561,12.514,1,1,0
6,1,12.721,0,0,1,0,27,2,0,0,0,16.381,22.561,1,1,0
6,0,15.736,0,0,1,0,26,2,0,0,0,12.721,16.381,2,1,1
6,-1,13.555,0,0,0,0,31,3,0,0,0,15.736,12.721,2,2,0
6,-2,27.094,0,0,0,0,19,1,0,0,0,13.555,15.736,3,2,0
6,-3,0,0,1,0,0,23,3,0,0,0,27.094,13.555,1,3,0
6,-2,29.831,1,0,0,0,30,1,0,0,0,0,27.094,3,1,1
6,0,13.19,0,0,0,0,48,4,0,0,0,29.831,0,1,3,0
6,1,22.612,1,0,1,0,97,1,0,0,0,13.19,29.831,4,1,1
6,2,28.626,2,0,1,0,18,3,1,0,0,22.612,13.19,1,4,1
6,3,18.475,3,0,1,0,22,3,0,0,0,28.626,22.612,3,1,1
6,0,12.488,0,0,1,0,17,1,0,0,0,18.475,28.626,3,3,1
6,-1,14.727,0,0,0,0,31,1,0,0,0,12.488,18.475,1,3,0
6,-2,18.841,0,0,0,0,18,1,0,0,0,14.727,12.488,1,1,0
6,-3,34.579,0,0,0,0,22,3,0,0,0,18.841,14.727,1,1,0
6,-2,13.855,1,0,0,0,30,5,0,0,0,34.579,18.841,3,1,1
6,0,13.289,0,0,0,0,31,0,0,0,0,13.855,34.579,5,3,0
6,-1,34.277,0,0,1,0,95,1,0,0,0,13.289,13.855,0,5,0
6,0,19.924,1,0,1,0,51,8,0,0,0,34.277,13.289,1,0,1
6,1,15.825,2,0,1,0,40,3,0,0,0,19.924,34.277,8,1,1
6,2,11.708,3,0,1,1,16,1,0,0,0,15.825,19.924,3,8,1
6,0,26.591,0,0,1,0,14,1,0,0,0,11.708,15.825,1,3,1
6,-1,31.067,0,0,0,0,33,5,0,0,0,26.591,11.708,1,1,0
6,0,34.493,1,0,0,0,30,5,0,0,0,31.067,26.591,5,1,1
6,-1,19.965,0,1,0,0,26,4,0,0,0,34.493,31.067,5,5,0
6,-2,37.566,0,0,0,0,42,1,0,0,0,19.965,34.493,4,5,0
6,0,0,0,0,0,0,49,9,0,0,0,37.566,19.965,1,4,0
6,1,12.613,1,0,1,0,85,1,0,0,0,0,37.566,9,1,1
6,2,12.272,2,0,1,0,28,1,0,0,0,12.613,0,1,9,1
6,3,12.584,3,0,1,1,13,1,0,0,0,12.272,12.613,1,1,1
6,0,26.252,0,0,1,0,13,1,0,0,0,12.584,12.272,1,1,1
6,-1,19.631,0,0,0,0,47,7,0,0,0,26.252,12.584,1,1,0
6,-2,14.375,0,0,0,0,20,3,0,0,0,19.631,26.252,7,1,0
6,-1,25,1,0,0,0,18,1,0,0,0,14.375,19.631,3,7,1
6,-2,13.63,0,0,0,0,28,2,0,0,0,25,14.375,1,3,0
6,0,24.359,0,1,0,0,31,1,0,0,0,13.63,25,2,1,0
6,1,24.583,1,0,1,0,99,3,0,0,0,24.359,13.63,1,2,1
6,0,14.027,0,1,1,0,24,1,0,1,0,24.583,24.359,3,1,0
6,1,18.155,1,0,1,0,22,0,0,0,0,14.027,24.583,1,3,1
6,2,24.214,2,0,1,0,18,3,0,0,0,18.155,14.027,0,1,1
6,1,21.524,0,0,1,0,18,1,0,0,0,24.214,18.155,3,0,0
6,0,12.938,0,0,1,0,18,4,0,0,0,21.524,24.214,1,3,0
6,-1,20.809,0,1,1,0,26,2,0,0,0,12.938,21.524,4,1,0
6,0,11.79,0,0,1,0,27,2,0,0,0,20.809,12.938,2,4,1
6,-1,28.026,0,0,1,0,17,1,0,0,0,11.79,20.809,2,2,0
6,0,28.881,0,0,1,0,25,4,0,0,0,28.026,11.79,1,2,1
6,-1,23.395,0,0,1,0,28,5,0,0,0,28.881,28.026,4,1,0
6,0,35.365,0,0,1,0,33,4,0,0,0,23.395,28.881,5,4,1
6,1,12.542,1,0,1,0,39,5,0,0,0,35.365,23.395,4,5,1
6,0,16.325,0,0,1,0,32,1,0,0,0,12.542,35.365,5,4,0
6,1,21.45,1,0,1,0,20,2,0,0,0,16.325,12.542,1,5,1
6,0,27.238,0,0,1,0,22,3,0,0,0,21.45,16.325,2,1,0
6,-1,21.69,0,0,1,0,34,4,0,0,0,27.238,21.45,3,2,0
6,0,21.386,0,0,1,0,42,4,0,0,0,21.69,27.238,4,3,1
6,-1,19.41,0,1,1,0,31,3,0,0,0,21.386,21.69,4,4,0
6,0,29.183,0,0,1,0,30,2,0,0,0,19.41,21.386,3,4,0
6,1,23.729,1,0,0,0,127,4,0,0,0,29.183,19.41,2,3,1
6,2,16.188,2,0,0,0,53,4,0,0,0,23.729,29.183,4,2,1
6,3,15.656,3,0,0,0,36,2,0,0,0,16.188,23.729,4,4,1
6,2,30.074,0,0,0,0,38,2,0,0,1,15.656,16.188,2,4,0
6,1,19.308,0,0,0,0,24,3,0,0,1,30.074,15.656,2,2,0
6,0,0,0,0,0,0,26,1,0,0,1,19.308,30.074,3,2,0
6,-1,13.438,0,0,0,0,19,1,0,0,0,0,19.308,1,3,0
6,0,30.895,0,0,0,0,20,1,0,0,0,13.438,0,1,1,1
6,-1,18.163,0,0,0,0,46,6,0,0,0,30.895,13.438,1,1,0
6,0,20.348,0,0,0,0,26,3,0,0,0,18.163,30.895,6,1,0
6,-1,34.913,0,0,1,0,43,1,0,0,0,20.348,18.163,3,6,0
6,-2,12.176,0,1,1,0,33,6,0,1,0,34.913,20.348,1,3,0
6,-3,18.257,0,0,1,0,27,0,0,0,0,12.176,34.913,6,1,0
6,-2,12.617,1,0,1,1,27,2,0,0,0,18.257,12.176,0,6,1
6,-1,16.656,2,0,1,0,26,1,0,0,0,12.617,18.257,2,0,1
6,0,22.109,0,0,1,0,32,3,0,0,0,16.656,12.617,1,2,0
6,-1,19.502,0,0,0,0,34,4,0,0,0,22.109,16.656,3,1,0
6,0,0,1,0,0,0,23,3,0,0,0,19.502,22.109,4,3,1
6,1,38.441,2,0,0,0,26,2,0,0,0,0,19.502,3,4,1
6,0,19.604,0,1,0,0,44,4,0,0,0,38.441,0,2,3,0
6,1,19.045,1,0,0,0,45,5,0,0,0,19.604,38.441,4,2,1
6,0,28.591,0,0,0,0,37,0,0,0,0,19.045,19.604,5,4,1
6,1,16.395,1,0,1,0,100,4,0,0,0,28.591,19.045,0,5,1
6,0,15.441,0,0,1,0,17,3,0,0,0,16.395,28.591,4,0,0
6,-1,23.404,0,0,1,0,30,2,0,0,0,15.441,16.395,3,4,0
6,0,17.173,1,0,1,0,17,2,1,0,0,23.404,15.441,2,3,1
6,1,16.027,2,0,1,0,19,3,0,0,0,17.173,23.404,2,2,1
6,0,16.617,0,0,1,0,45,1,0,0,0,16.027,17.173,3,2,1
6,1,18.895,1,0,0,0,42,1,0,0,0,16.617,16.027,1,3,1
6,0,39.309,0,1,0,0,20,2,0,0,0,18.895,16.617,1,1,0
6,1,35.614,1,0,0,0,26,5,0,0,0,39.309,18.895,2,1,1
6,0,18.074,0,0,0,0,32,4,0,0,0,35.614,39.309,5,2,0
6,1,27.186,1,0,0,0,23,1,0,0,0,18.074,35.614,4,5,1
6,0,0,0,0,0,0,44,4,0,0,1,27.186,18.074,1,4,0
6,-1,22.234,0,0,0,0,25,1,0,0,0,0,27.186,4,1,0
6,0,22.975,0,0,0,0,41,1,0,0,0,22.234,0,1,4,1
6,-1,13.619,0,0,0,0,95,2,0,0,0,22.975,22.234,1,1,0
6,0,34.641,0,0,0,0,20,1,0,0,0,13.619,22.975,2,1,0
6,1,12.528,1,0,1,0,91,5,0,0,0,34.641,13.619,1,2,1
6,0,16.115,0,0,1,0,15,1,0,0,0,12.528,34.641,5,1,0
6,1,11.596,1,0,1,0,20,4,0,0,0,16.115,12.528,1,5,1
6,2,13.132,2,0,1,0,36,1,0,0,0,11.596,16.115,4,1,1
6,1,12.721,0,0,1,0,16,1,0,0,0,13.132,11.596,1,4,0
6,0,19.235,0,0,1,0,23,2,0,0,0,12.721,13.132,1,1,1
6,-1,19.195,0,0,0,0,46,5,0,0,0,19.235,12.721,2,1,0
6,-2,33.387,0,0,0,0,21,3,0,0,0,19.195,19.235,5,2,0
6,-3,14.194,0,0,0,0,38,7,0,0,0,33.387,19.195,3,5,0
6,0,11.578,0,0,0,0,20,3,0,0,0,14.194,33.387,7,3,0
6,-1,34.346,0,0,1,0,82,1,0,0,0,11.578,14.194,3,7,0
6,-2,19.744,0,0,1,0,35,6,0,0,0,34.346,11.578,1,3,0
6,-1,12.242,1,0,1,0,17,2,1,0,0,19.744,34.346,6,1,1
6,0,12.223,2,0,1,0,14,1,0,0,0,12.242,19.744,2,6,1
6,-1,12.722,0,0,1,0,15,1,0,0,0,12.223,12.242,1,2,0
6,0,22.872,1,0,1,0,30,2,1,0,0,12.722,12.223,1,1,1
6,-1,26.834,0,1,1,0,21,3,0,0,0,22.872,12.722,2,1,0
6,0,27.382,0,0,1,0,62,4,0,0,0,26.834,22.872,3,2,0
6,-1,29.232,0,0,0,0,40,8,0,0,0,27.382,26.834,4,3,0
6,0,16.498,1,0,0,0,23,3,0,0,0,29.232,27.382,8,4,1
6,-1,13.034,0,0,0,0,33,0,0,0,0,16.498,29.232,3,8,0
6,0,32.7,1,0,0,0,18,1,0,0,0,13.034,16.498,0,3,1
6,1,23.816,2,0,0,0,34,4,0,0,0,32.7,13.034,1,0,1
6,0,26.718,0,0,0,0,42,4,0,0,1,23.816,32.7,4,1,0
6,-1,12.795,0,0,0,0,26,3,0,0,0,26.718,23.816,4,4,0
6,0,15.543,0,0,0,0,22,1,0,0,0,12.795,26.718,3,4,0
7,0,0,0,0,0,0,0,3,0,0,0,15.543,12.795,1,3,0
7,0,0,0,0,0,0,0,0,0,0,0,0,15.543,3,1,0
7,-1,17.08,0,1,1,0,0,0,0,1,0,0,0,0,3,0
7,0,25.921,1,0,1,0,24,0,0,0,0,17.08,0,0,0,1
7,-1,24.592,0,1,1,0,24,3,0,0,0,25.921,17.08,0,0,0
7,-2,22.662,0,1,1,0,25,6,0,0,0,24.592,25.921,3,0,0
7,-1,12.346,1,0,1,0,35,4,0,0,0,22.662,24.592,6,3,1
7,0,53.212,2,0,1,0,22,1,1,0,0,12.346,22.662,4,6,1
7,1,41.198,3,0,1,0,44,13,1,0,0,53.212,12.346,1,4,1
7,0,17.048,0,0,1,0,41,11,0,0,0,41.198,53.212,13,1,1
7,1,43.041,1,0,0,0,58,1,0,0,0,17.048,41.198,11,13,1
7,0,18.794,0,0,0,0,30,8,0,0,0,43.041,17.048,1,11,0
7,1,27.958,1,0,0,0,18,1,0,0,0,18.794,43.041,8,1,1
7,0,28.25,0,0,0,0,30,2,0,0,0,27.958,18.794,1,8,0
7,1,23.296,1,0,0,0,25,5,0,0,0,28.25,27.958,2,1,1
7,0,47.378,0,0,0,0,28,2,0,0,0,23.296,28.25,5,2,1
7,-1,39.472,0,0,1,0,45,6,0,0,0,47.378,23.296,2,5,0
7,0,16.959,1,0,1,0,40,6,0,0,0,39.472,47.378,6,2,1
7,-1,16.21,0,0,1,0,25,3,0,0,0,16.959,39.472,6,6,0
7,0,31.881,1,0,1,0,22,2,0,0,0,16.21,16.959,3,6,1
7,1,19.304,2,0,1,0,41,7,0,0,0,31.881,16.21,2,3,1
7,0,20.269,0,0,1,0,24,3,0,0,0,19.304,31.881,7,2,0
7,1,26.781,1,0,1,0,33,2,0,0,0,20.269,19.304,3,7,1
7,0,17.916,0,0,1,0,39,5,1,0,0,26.781,20.269,2,3,1
7,-1,37.169,0,0,0,0,106,5,0,0,0,17.916,26.781,5,2,0
7,-2,19.21,0,0,0,0,30,9,0,0,0,37.169,17.916,5,5,0
7,-1,18.2,1,0,0,0,27,1,0,0,0,19.21,37.169,9,5,1
7,0,31.401,2,0,0,0,18,2,0,0,0,18.2,19.21,1,9,1
7,1,35.603,3,0,0,0,30,2,0,0,0,31.401,18.2,2,1,1
7,0,35.661,0,0,0,0,24,6,0,0,1,35.603,31.401,2,2,0
7,-1,18.459,0,0,0,0,33,5,0,0,0,35.661,35.603,6,2,0
7,0,28.568,0,0,0,0,17,1,0,0,0,18.459,35.661,5,6,0
7,-1,29.821,0,0,1,0,38,5,0,0,0,28.568,18.459,1,5,0
7,-2,41.754,0,0,1,0,36,4,0,0,0,29.821,28.568,5,1,0
7,-1,28.855,1,0,1,0,42,6,0,0,0,41.754,29.821,4,5,1
7,0,29.645,2,0,1,0,28,5,1,0,0,28.855,41.754,6,4,1
7,1,12.157,3,0,1,1,37,9,0,0,0,29.645,28.855,5,6,1
7,0,13.747,0,1,1,0,28,1,0,1,0,12.157,29.645,9,5,0
7,1,12.327,1,0,1,1,30,0,0,0,0,13.747,12.157,1,9,1
7,0,17.214,0,0,1,0,22,1,0,0,0,12.327,13.747,0,1,1
7,1,15.451,1,0,0,0,98,1,0,0,0,17.214,12.327,1,0,1
7,0,30.784,0,0,0,0,23,0,0,0,0,15.451,17.214,1,1,0
7,-1,40.77,0,0,0,0,22,3,0,0,0,30.784,15.451,0,1,0
7,-2,21.518,0,0,0,0,38,9,0,0,0,40.77,30.784,3,0,0
7,0,25.218,0,0,0,0,21,3,0,0,0,21.518,40.77,9,3,0
7,1,13.389,1,0,1,0,42,3,0,0,0,25.218,21.518,3,9,1
7,2,24.014,2,0,1,0,29,1,0,0,0,13.389,25.218,3,3,1
7,3,15.82,3,0,1,0,27,5,1,0,0,24.014,13.389,1,3,1
7,0,19.867,0,0,1,0,26,3,0,0,0,15.82,24.014,5,1,1
7,-1,33.44,0,0,0,0,97,3,0,0,0,19.867,15.82,3,5,0
7,-2,28.002,0,0,0,0,23,5,0,0,0,33.44,19.867,3,3,0
7,-3,36.107,0,1,0,0,23,5,0,0,0,28.002,33.44,5,3,0
7,0,17.698,0,0,0,0,35,7,0,0,0,36.107,28.002,5,5,0
7,-1,21.548,0,0,1,0,38,1,0,0,0,17.698,36.107,7,5,0
7,-2,32.48,0,1,1,0,30,2,0,0,0,21.548,17.698,1,7,0
7,-1,18.557,1,0,1,0,59,4,0,0,0,32.48,21.548,2,1,1
7,0,47.799,2,0,1,0,40,3,0,0,0,18.557,32.48,4,2,1
7,-1,18.529,0,1,1,0,49,9,0,1,0,47.799,18.557,3,4,0
7,0,22.654,1,0,1,0,29,0,1,0,0,18.529,47.799,9,3,1
7,1,17.006,2,0,1,0,41,5,0,0,0,22.654,18.529,0,9,1
7,0,12.543,0,0,1,1,27,3,0,0,0,17.006,22.654,5,0,1
7,-1,14.321,0,0,0,0,125,1,0,0,0,12.543,17.006,3,5,0
7,-2,32.694,0,0,0,0,24,1,0,0,0,14.321,12.543,1,3,0
7,-1,17.26,1,0,0,0,25,7,0,0,0,32.694,14.321,1,1,1
7,-2,15.914,0,0,0,0,27,0,0,0,0,17.26,32.694,7,1,0
7,-1,18.063,1,0,0,0,15,1,0,0,0,15.914,17.26,0,7,1
7,0,16.886,0,1,0,0,30,2,0,0,0,18.063,15.914,1,0,0
7,-1,57.827,0,0,1,0,43,1,0,0,0,16.886,18.063,2,1,0
7,-2,48.858,0,0,1,0,39,12,0,0,0,57.827,16.886,1,2,0
7,-3,55.33,0,0,1,0,51,10,0,0,0,48.858,57.827,12,1,0
7,-2,19.446,1,0,1,0,51,12,0,0,0,55.33,48.858,10,12,1
7,-1,14.257,2,0,1,0,22,1,1,0,0,19.446,55.33,12,10,1
7,0,28.601,0,1,1,0,29,3,0,0,0,14.257,19.446,1,12,0
7,-1,30.168,0,0,0,0,45,4,0,0,0,28.601,14.257,3,1,0
7,-2,18.398,0,0,0,0,30,3,0,0,0,30.168,28.601,4,3,0
7,-3,34.249,0,1,0,0,16,1,0,0,0,18.398,30.168,3,4,0
7,0,49.756,0,0,0,0,24,5,0,0,0,34.249,18.398,1,3,0
7,1,35.636,1,0,1,0,120,9,0,0,0,49.756,34.249,5,1,1
7,2,36.343,2,0,1,0,28,7,0,0,0,35.636,49.756,9,5,1
7,3,12.826,3,0,1,0,50,5,0,0,0,36.343,35.636,7,9,1
7,2,29.071,0,0,1,0,20,1,0,0,0,12.826,36.343,5,7,0
7,0,15.035,0,0,1,0,37,4,0,0,0,29.071,12.826,1,5,1
7,-1,30.869,0,0,0,0,30,1,0,0,0,15.035,29.071,4,1,0
7,0,34.435,1,0,0,0,25,5,0,0,0,30.869,15.035,1,4,1
7,1,34.639,2,0,0,0,29,8,1,0,0,34.435,30.869,5,1,1
7,2,28.441,3,0,0,0,43,8,0,0,0,34.639,34.435,8,5,1
7,1,47.294,0,0,0,0,25,4,0,0,1,28.441,34.639,8,8,0
7,0,40.992,0,0,0,0,42,9,0,0,1,47.294,28.441,4,8,0
7,-1,26.105,0,1,0,0,40,9,0,0,0,40.992,47.294,9,4,0
7,0,21.993,0,0,0,0,22,3,0,0,0,26.105,40.992,9,9,0
7,1,12.311,1,0,1,1,100,3,0,0,0,21.993,26.105,3,9,1
7,2,24.341,2,0,1,0,31,1,0,0,0,12.311,21.993,3,3,1
7,1,24.014,0,0,1,0,22,3,0,0,0,24.341,12.311,1,3,0
7,2,15.691,1,0,1,0,32,2,0,0,0,24.014,24.341,3,1,1
7,0,12.874,0,0,1,1,31,1,0,0,0,15.691,24.014,2,3,1
7,-1,59.304,0,0,0,0,32,1,0,0,0,12.874,15.691,1,2,0
7,0,23.607,1,0,0,0,49,11,0,0,0,59.304,12.874,1,1,1
7,-1,51.238,0,0,0,0,25,4,0,0,0,23.607,59.304,11,1,0
7,-2,20.448,0,0,0,0,69,9,0,0,0,51.238,23.607,4,11,0
7,-1,26.214,1,0,0,0,19,1,0,0,0,20.448,51.238,9,4,1
7,0,16.991,2,0,0,0,33,4,0,0,0,26.214,20.448,1,9,1
7,-1,47.342,0,0,0,0,19,2,0,0,0,16.991,26.214,4,1,0
7,0,30.767,0,0,0,0,29,5,0,0,0,47.342,16.991,2,4,0
7,1,54.458,1,0,1,0,107,5,0,0,0,30.767,47.342,5,2,1
7,0,20.872,0,0,1,0,49,13,0,0,0,54.458,30.767,5,5,0
7,1,12.285,1,0,1,1,31,2,0,0,0,20.872,54.458,13,5,1
7,2,20.823,2,0,1,0,21,1,0,0,0,12.285,20.872,2,13,1
7,1,12.557,0,1,1,0,23,3,0,1,0,20.823,12.285,1,2,0
7,0,16.704,0,0,1,0,32,0,0,0,0,12.557,20.823,3,1,0
7,1,12.551,1,0,1,0,30,2,0,0,0,16.704,12.557,0,3,1
7,0,17.057,0,0,1,0,23,1,0,0,0,12.551,16.704,2,0,1
7,1,43.578,1,0,0,0,54,1,1,0,0,17.057,12.551,1,2,1
7,2,22.108,2,0,0,0,40,10,0,0,0,43.578,17.057,1,1,1
7,3,21.986,3,0,0,0,20,2,0,0,0,22.108,43.578,10,1,1
7,0,54.578,0,0,0,0,31,2,0,0,0,21.986,22.108,2,10,1
7,1,60.376,1,0,1,0,118,10,0,0,0,54.578,21.986,2,2,1
7,2,35.929,2,0,1,0,53,15,0,0,0,60.376,54.578,10,2,1
7,3,12.449,3,0,1,1,32,9,0,0,0,35.929,60.376,15,10,1
7,0,16.278,0,0,1,0,28,1,0,0,0,12.449,35.929,9,15,1
7,1,38.523,1,0,0,0,42,3,0,0,0,16.278,12.449,1,9,1
7,0,27.521,0,0,0,0,33,6,0,0,0,38.523,16.278,3,1,0
7,-1,27.774,0,1,0,0,20,3,0,0,0,27.521,38.523,6,3,0
7,-2,34.053,0,1,0,0,31,3,0,0,0,27.774,27.521,3,6,0
7,-1,16.976,1,0,0,0,35,5,0,0,0,34.053,27.774,3,3,1
7,0,19.341,2,0,0,0,36,2,0,0,0,16.976,34.053,5,3,1
7,-1,30.368,0,0,0,0,25,2,0,0,0,19.341,16.976,2,5,0
7,0,23.41,0,0,0,0,24,3,0,0,0,30.368,19.341,2,2,0
7,-1,47.07,0,1,1,0,117,3,0,0,0,23.41,30.368,3,2,0
7,0,15.357,1,0,1,0,35,10,0,0,0,47.07,23.41,3,3,1
7,1,16.239,2,0,1,0,30,1,0,0,0,15.357,47.07,10,3,1
7,2,20.035,3,0,1,0,24,3,0,0,0,16.239,15.357,1,10,1
7,0,20.307,0,0,1,0,23,3,1,0,0,20.035,16.239,3,1,1
7,1,22.191,1,0,0,0,38,5,0,0,0,20.307,20.035,3,3,1
7,2,19.091,2,0,1,0,40,2,0,0,0,22.191,20.307,5,3,1
7,3,35.105,3,0,1,0,31,1,1,0,0,19.091,22.191,2,5,1
7,4,18.636,4,0,0,0,44,9,0,0,0,35.105,19.091,1,2,1
7,5,32.542,5,0,0,0,27,0,0,0,0,18.636,35.105,9,1,1
7,6,15.489,6,0,1,1,46,8,0,0,0,32.542,18.636,0,9,1
7,5,68.468,0,0,1,0,50,1,0,0,0,15.489,32.542,8,0,0
7,4,34.118,0,0,0,0,57,14,0,0,0,68.468,15.489,1,8,0
7,3,33.846,0,1,0,0,38,5,0,0,0,34.118,68.468,14,1,0
7,0,40.307,0,0,1,0,42,5,0,0,0,33.846,34.118,5,14,1
8,0,0,0,0,0,0,0,7,0,0,0,40.307,33.846,5,5,0
8,0,0,0,0,0,0,0,0,0,0,0,0,40.307,7,5,0
8,-1,17.697,0,0,0,0,0,0,0,0,0,0,0,0,7,0
8,-2,21.585,0,0,0,0,18,1,0,0,0,17.697,0,0,0,0
8,-3,19.863,0,0,0,0,20,3,0,0,0,21.585,17.697,1,0,0
8,0,13.477,0,0,0,0,21,3,0,0,0,19.863,21.585,3,1,0
8,1,12.422,1,0,1,0,48,1,0,0,0,13.477,19.863,3,3,1
8,0,12.163,0,0,1,0,18,1,0,0,0,12.422,13.477,1,3,0
8,1,24.395,1,0,1,0,24,2,0,0,0,12.163,12.422,1,1,1
8,2,17.454,2,0,1,0,30,3,0,0,0,24.395,12.163,2,1,1
8,0,19.801,0,0,1,0,37,1,0,0,0,17.454,24.395,3,2,1
8,1,16.654,1,0,0,0,35,3,0,0,0,19.801,17.454,1,3,1
8,2,15.037,2,0,0,0,20,2,0,0,0,16.654,19.801,3,1,1
8,1,40.932,0,0,0,0,35,2,0,0,0,15.037,16.654,2,3,0
8,0,13.831,0,0,0,0,48,9,0,0,0,40.932,15.037,2,2,0
8,-1,20.019,0,0,0,0,36,1,0,0,0,13.831,40.932,9,2,0
8,0,19.627,0,0,0,0,25,3,0,0,0,20.019,13.831,1,9,0
8,1,21.11,1,0,1,0,109,3,0,0,0,19.627,20.019,3,1,1
8,2,0,2,0,1,1,22,3,0,0,0,21.11,19.627,3,3,1
8,1,12.037,0,1,1,0,19,1,0,1,0,0,21.11,3,3,0
8,2,32.825,1,0,1,0,43,0,0,0,0,12.037,0,1,3,1
8,1,22.948,0,1,1,0,28,7,0,0,0,32.825,12.037,0,1,0
8,0,11.592,0,0,1,1,33,4,0,0,0,22.948,32.825,7,0,1
8,1,13.98,1,0,0,0,29,1,0,0,0,11.592,22.948,4,7,1
8,0,13.893,0,0,0,0,33,0,0,0,0,13.98,11.592,1,4,0
8,1,39.994,1,0,0,0,17,1,0,0,0,13.893,13.98,0,1,1
8,0,30.714,0,1,0,0,52,8,0,0,0,39.994,13.893,1,0,0
8,1,16.984,1,0,0,0,58,5,0,0,0,30.714,39.994,8,1,1
8,0,17.782,0,0,0,0,43,2,0,0,1,16.984,30.714,5,8,0
8,1,19.675,1,0,0,0,23,1,0,0,0,17.782,16.984,2,5,1
8,0,18.385,0,0,0,0,25,2,0,0,1,19.675,17.782,1,2,0
8,-1,16.234,0,0,0,0,25,1,0,0,0,18.385,19.675,2,1,0
8,0,22.91,0,0,0,0,36,3,0,0,0,16.234,18.385,1,2,0
8,1,24.631,1,0,1,0,110,5,0,0,0,22.91,16.234,3,1,1
8,2,18.027,2,0,1,0,30,5,0,0,0,24.631,22.91,5,3,1
8,1,15.747,0,0,1,0,28,5,0,0,0,18.027,24.631,5,5,0
8,2,11.751,1,0,1,1,22,2,0,0,0,15.747,18.027,5,5,1
8,1,41.129,0,0,1,0,23,1,0,0,0,11.751,15.747,2,5,0
8,0,19.206,0,0,1,0,51,6,0,0,0,41.129,11.751,1,2,1
8,-1,27.758,0,1,0,0,48,1,0,0,0,19.206,41.129,6,1,0
8,-2,22.02,0,1,0,0,24,5,0,0,0,27.758,19.206,1,6,0
8,-1,13.33,1,0,0,0,21,3,0,0,0,22.02,27.758,5,1,1
8,0,19.345,2,0,0,0,20,2,0,0,0,13.33,22.02,3,5,1
8,1,24.754,3,0,0,0,26,4,0,0,0,19.345,13.33,2,3,1
8,0,27.505,0,0,0,0,26,2,0,0,1,24.754,19.345,4,2,0
8,1,15.129,1,0,0,0,28,3,0,0,0,27.505,24.754,2,4,1
8,0,14.457,0,0,0,0,38,2,0,0,1,15.129,27.505,3,2,0
8,-1,28.686,0,0,0,0,21,1,0,0,0,14.457,15.129,2,3,0
8,0,13.974,0,0,0,0,51,7,0,0,0,28.686,14.457,1,2,0
8,1,11.78,1,0,1,1,102,1,0,0,0,13.974,28.686,7,1,1
8,2,12.677,2,0,1,0,20,1,0,0,0,11.78,13.974,1,7,1
8,1,13.646,0,0,1,0,20,1,0,0,0,12.677,11.78,1,1,0
8,2,33.375,1,0,1,0,21,2,0,0,0,13.646,12.677,1,1,1
8,0,19.827,0,0,1,0,43,1,0,0,0,33.375,13.646,2,1,1
8,1,13.587,1,0,0,0,31,3,0,0,0,19.827,33.375,1,2,1
8,0,24.844,0,0,0,0,34,0,0,0,0,13.587,19.827,3,1,0
8,-1,14.22,0,0,0,0,25,3,0,0,0,24.844,13.587,0,3,0
8,-2,18.773,0,0,0,0,20,1,0,0,0,14.22,24.844,3,0,0
8,0,13.773,0,0,0,0,22,3,0,0,0,18.773,14.22,1,3,0
8,1,23.476,1,0,1,0,111,1,0,0,0,13.773,18.773,3,1,1
8,2,50.63,2,0,1,0,21,1,0,0,0,23.476,13.773,1,3,1
8,3,17.174,3,0,1,0,59,9,0,0,0,50.63,23.476,1,1,1
8,0,11.672,0,0,1,0,22,1,0,0,0,17.174,50.63,9,1,1
8,1,41.176,1,0,0,0,42,1,0,0,0,11.672,17.174,1,9,1
8,2,35.782,2,0,0,0,27,6,0,0,0,41.176,11.672,1,1,1
8,3,20.744,3,0,0,0,27,4,0,0,0,35.782,41.176,6,1,1
8,2,13.843,0,0,0,0,21,2,0,0,1,20.744,35.782,4,6,0
8,1,13.204,0,0,0,0,18,1,0,0,1,13.843,20.744,2,4,0
8,0,17.503,0,0,0,0,33,1,0,0,1,13.204,13.843,1,2,0
8,1,34.387,1,0,0,0,19,1,0,0,0,17.503,13.204,1,1,1
8,0,14.284,0,0,0,0,42,4,0,0,1,34.387,17.503,1,1,0
8,-1,26.96,0,0,0,0,19,1,0,0,0,14.284,34.387,4,1,0
8,0,23.097,0,0,0,0,57,1,0,0,0,26.96,14.284,1,4,0
8,1,18.97,1,0,1,0,102,1,0,0,0,23.097,26.96,1,1,1
8,0,23.265,0,1,1,0,22,1,0,0,0,18.97,23.097,1,1,0
8,-1,27.256,0,1,1,0,53,4,0,0,0,23.265,18.97,1,1,0
8,0,12.235,1,0,1,1,30,4,0,0,0,27.256,23.265,4,1,1
8,-1,48.167,0,0,1,0,23,1,0,0,0,12.235,27.256,4,4,0
8,0,11.771,0,1,1,0,54,8,0,1,0,48.167,12.235,1,4,0
8,-1,13.835,0,0,0,0,135,0,0,0,0,11.771,48.167,8,1,0
8,-2,18.153,0,0,0,0,16,1,0,0,0,13.835,11.771,0,8,0
8,-1,13.752,1,0,0,0,20,3,0,0,0,18.153,13.835,1,0,1
8,-2,14.875,0,0,0,0,22,2,0,0,0,13.752,18.153,3,1,0
8,-1,32.125,1,0,0,0,17,1,0,0,0,14.875,13.752,2,3,1
8,0,12.812,2,0,0,0,30,6,0,0,0,32.125,14.875,1,2,1
8,-1,13.191,0,0,0,0,37,2,0,0,0,12.812,32.125,6,1,0
8,0,21.421,0,0,0,0,22,1,0,0,0,13.191,12.812,2,6,0
8,1,24.368,1,0,1,0,69,3,0,0,0,21.421,13.191,1,2,1
8,2,18.137,2,0,1,0,37,5,0,0,0,24.368,21.421,3,1,1
8,3,24.402,3,0,1,0,32,1,0,0,0,18.137,24.368,5,3,1
8,2,14.358,0,1,1,0,35,3,0,0,0,24.402,18.137,1,5,0
8,0,11.675,0,0,1,0,37,2,0,0,0,14.358,24.402,3,1,1
8,-1,14.361,0,0,0,0,29,1,0,0,0,11.675,14.358,2,3,0
8,-2,19.604,0,0,0,0,17,1,0,0,0,14.361,11.675,1,2,0
8,-1,13.712,1,0,0,0,25,5,0,0,0,19.604,14.361,1,1,1
8,-2,13.636,0,0,0,0,34,2,0,0,0,13.712,19.604,5,1,0
8,0,21.301,0,0,0,0,18,1,0,0,0,13.636,13.712,2,5,0
8,1,12.124,1,0,1,1,118,3,0,0,0,21.301,13.636,1,2,1
8,2,22.613,2,0,1,0,18,1,0,0,0,12.124,21.301,3,1,1
8,3,0,3,0,1,1,49,7,0,0,0,22.613,12.124,1,3,1
8,2,18.453,0,1,1,0,16,1,0,0,0,0,22.613,7,1,0
8,0,42.805,0,0,1,0,20,2,0,0,0,18.453,0,1,7,1
8,1,14.003,1,0,0,0,65,7,0,0,0,42.805,18.453,2,1,1
8,2,13.841,2,0,0,0,34,2,0,0,0,14.003,42.805,7,2,1
8,3,28.129,3,0,0,0,19,2,0,0,0,13.841,14.003,2,7,1
8,0,18.036,0,0,0,0,23,4,0,0,0,28.129,13.841,2,2,1
8,1,12.086,1,0,1,1,111,2,0,0,0,18.036,28.129,4,2,1
8,2,12.177,2,0,1,1,19,1,0,0,0,12.086,18.036,2,4,1
8,3,12.216,3,0,1,1,18,1,0,0,0,12.177,12.086,1,2,1
8,0,17.136,0,0,1,0,19,1,0,0,0,12.216,12.177,1,1,1
8,-1,14.471,0,0,0,0,41,1,0,0,0,17.136,12.216,1,1,0
8,0,27.921,1,0,0,0,13,1,0,0,0,14.471,17.136,1,1,1
8,-1,13.681,0,0,0,0,25,6,0,0,0,27.921,14.471,1,1,0
8,-2,13.67,0,0,0,0,21,1,0,0,0,13.681,27.921,6,1,0
8,-1,21.894,1,0,0,0,16,1,0,0,0,13.67,13.681,1,6,1
8,0,19.289,2,0,0,0,34,4,0,0,0,21.894,13.67,1,1,1
8,-1,16.156,0,0,0,0,37,2,0,0,0,19.289,21.894,4,1,0
8,0,56.709,0,0,0,0,19,1,0,0,0,16.156,19.289,2,4,0
8,1,12.578,1,0,1,0,100,5,0,0,0,56.709,16.156,1,2,1
8,2,12.093,2,0,1,0,31,1,0,0,0,12.578,56.709,5,1,1
8,3,12.319,3,0,1,0,18,1,0,0,0,12.093,12.578,1,5,1
8,2,15.229,0,0,1,0,31,1,0,0,0,12.319,12.093,1,1,0
8,1,16.372,0,1,1,0,39,2,0,1,0,15.229,12.319,1,1,0
8,0,44.906,0,0,1,0,37,0,0,0,0,16.372,15.229,2,1,1
8,-1,14.577,0,0,0,0,59,9,0,0,0,44.906,16.372,0,2,0
8,0,19.738,1,0,0,0,16,1,0,0,0,14.577,44.906,9,0,1
8,-1,13.605,0,0,0,0,22,2,0,0,0,19.738,14.577,1,9,0
8,-2,16.753,0,0,0,0,17,1,0,0,0,13.605,19.738,2,1,0
8,-1,20.813,1,0,0,0,16,1,0,0,0,16.753,13.605,1,2,1
8,0,23.059,0,1,0,0,29,0,0,0,0,20.813,16.753,1,1,0
8,-1,22.669,0,1,1,0,135,3,0,0,0,23.059,20.813,0,1,0
8,-2,22.59,0,0,1,0,26,4,0,0,0,22.669,23.059,3,0,0
8,-1,34.634,1,0,1,0,28,6,0,0,0,22.59,22.669,4,3,1
8,0,21.905,2,0,1,0,40,7,1,0,0,34.634,22.59,6,4,1
8,1,27.292,3,0,1,0,31,5,0,0,0,21.905,34.634,7,6,1
8,0,17.662,0,0,1,0,33,5,0,0,0,27.292,21.905,5,7,1
8,1,53.228,1,0,0,0,130,3,0,0,0,17.662,27.292,5,5,1
8,0,36.7,0,0,0,0,52,12,0,0,0,53.228,17.662,3,5,0
8,-1,12.304,0,0,0,0,37,7,0,0,0,36.7,53.228,12,3,0
8,0,17.545,1,0,0,0,43,1,0,0,0,12.304,36.7,7,12,1
8,1,29.812,2,0,0,0,21,2,0,0,0,17.545,12.304,1,7,1
8,0,24.1,0,0,0,0,53,4,0,0,0,29.812,17.545,2,1,1
8,1,43.321,1,0,1,0,65,2,0,0,0,24.1,29.812,4,2,1
8,2,29.399,2,0,1,0,45,7,0,0,0,43.321,24.1,2,4,1
8,3,12.419,3,0,1,0,29,5,0,0,0,29.399,43.321,7,2,1
8,0,15.751,0,0,1,0,36,1,0,0,0,12.419,29.399,5,7,1
8,-1,13.925,0,0,0,0,43,1,0,0,0,15.751,12.419,1,5,0
8,-2,14.512,0,0,0,0,15,1,0,0,0,13.925,15.751,1,1,0
8,-3,13.655,0,0,0,0,15,1,0,0,0,14.512,13.925,1,1,0
8,0,15.46,0,0,0,0,16,1,0,0,0,13.655,14.512,1,1,0
8,-1,26.273,0,0,1,0,117,1,0,0,0,15.46,13.655,1,1,0
8,0,12.376,1,0,1,0,32,4,0,0,0,26.273,15.46,1,1,1
8,1,12.184,2,0,1,1,38,1,0,0,0,12.376,26.273,4,1,1
8,2,16.252,3,0,1,0,23,1,0,0,0,12.184,12.376,1,4,1
8,0,26.052,0,0,1,0,26,3,0,0,0,16.252,12.184,1,1,1
8,-1,12.544,0,0,0,0,33,3,0,0,0,26.052,16.252,3,1,0
8,-2,17.334,0,0,0,0,28,1,0,0,0,12.544,26.052,3,3,0
8,-3,31.951,0,0,0,0,17,1,0,0,0,17.334,12.544,1,3,0
8,-2,17.064,1,0,0,0,28,7,0,0,0,31.951,17.334,1,1,1
8,0,17.254,0,0,0,0,29,0,0,0,0,17.064,31.951,7,1,0
8,1,12.753,1,0,1,0,95,1,0,0,0,17.254,17.064,0,7,1
8,0,16.643,0,1,1,0,31,1,0,0,0,12.753,17.254,1,0,0
8,1,28.393,1,0,1,0,23,2,0,0,0,16.643,12.753,1,1,1
8,0,40.384,0,1,1,0,30,5,0,0,0,28.393,16.643,2,1,0
8,1,60.294,1,0,1,0,68,8,0,0,0,40.384,28.393,5,2,1
8,0,39.282,0,0,1,0,62,9,1,0,0,60.294,40.384,8,5,1
8,-1,17.366,0,0,0,0,43,9,0,0,0,39.282,60.294,9,8,0
8,-2,21.808,0,1,0,0,16,1,0,0,0,17.366,39.282,9,9,0
8,-3,33.964,0,0,0,0,23,3,0,0,0,21.808,17.366,1,9,0
8,-2,16.14,1,0,0,0,29,5,0,0,0,33.964,21.808,3,1,1
8,0,14.708,0,0,0,0,28,2,0,0,0,16.14,33.964,5,3,0
8,-1,11.609,0,1,1,0,107,1,0,1,0,14.708,16.14,2,5,0
8,0,46.081,1,0,1,0,30,0,0,0,0,11.609,14.708,1,2,1
8,1,38.231,2,0,1,0,34,7,0,0,0,46.081,11.609,0,1,1
8,2,11.808,3,0,1,1,51,7,0,0,0,38.231,46.081,7,0,1
8,0,12.43,0,0,1,1,22,1,0,0,0,11.808,38.231,7,7,1
8,-1,22.216,0,0,0,0,26,1,0,0,0,12.43,11.808,1,7,0
8,-2,19.255,0,0,0,0,29,3,0,0,0,22.216,12.43,1,1,0
8,-3,14.158,0,0,0,0,14,1,0,0,0,19.255,22.216,3,1,0
8,0,15.537,0,0,0,0,15,1,0,0,0,14.158,19.255,1,3,0
8,1,13.318,1,0,1,0,112,1,0,0,0,15.537,14.158,1,1,1
8,2,21.317,2,0,1,0,22,1,0,0,0,13.318,15.537,1,1,1
8,1,39.1,0,0,1,0,26,1,0,0,0,21.317,13.318,1,1,0
8,2,61.069,1,0,1,0,55,4,0,0,0,39.1,21.317,1,1,1
8,0,12.137,0,0,1,1,48,5,0,0,0,61.069,39.1,4,1,1
9,0,0,0,0,0,0,0,1,0,0,0,12.137,61.069,5,4,0
9,0,0,0,0,0,0,0,0,0,0,0,0,12.137,1,5,0
9,1,43.78,1,0,1,0,0,0,0,0,0,0,0,0,1,1
9,2,11.786,2,0,1,1,44,11,0,0,0,43.78,0,0,0,1
9,3,17.554,3,0,1,0,18,1,0,0,0,11.786,43.78,11,0,1
9,0,12.166,0,0,1,0,19,1,0,0,0,17.554,11.786,1,11,1
9,1,44.953,1,0,0,0,50,1,0,0,0,12.166,17.554,1,1,1
9,2,30.699,2,0,0,0,36,10,0,0,0,44.953,12.166,1,1,1
9,3,51.467,3,0,0,0,33,4,0,0,0,30.699,44.953,10,1,1
9,0,31.152,0,0,0,0,49,10,0,0,0,51.467,30.699,4,10,1
9,1,12.231,1,0,1,0,37,4,0,0,0,31.152,51.467,10,4,1
9,2,11.898,2,0,1,0,42,1,0,0,0,12.231,31.152,4,10,1
9,3,17.256,3,0,1,0,20,1,0,0,0,11.898,12.231,1,4,1
9,0,11.602,0,0,1,1,29,1,0,0,0,17.256,11.898,1,1,1
9,1,42.782,1,0,0,0,97,1,0,0,0,11.602,17.256,1,1,1
9,2,29.699,2,0,0,0,45,8,0,0,0,42.782,11.602,1,1,1
9,1,37.204,0,1,0,0,26,6,0,0,0,29.699,42.782,8,1,0
9,2,33.058,1,0,0,0,34,7,0,0,0,37.204,29.699,6,8,1
9,1,55.48,0,1,0,0,29,6,0,0,1,33.058,37.204,7,6,0
9,0,16.027,0,0,0,0,57,13,0,0,0,55.48,33.058,6,7,1
9,-1,24.328,0,1,1,0,44,0,0,0,0,16.027,55.48,13,6,0
9,-2,30.763,0,1,1,0,35,4,0,0,0,24.328,16.027,0,13,0
9,-3,18.46,0,0,1,0,98,6,0,0,0,30.763,24.328,4,0,0
9,0,19.502,0,1,1,0,43,2,0,0,0,18.46,30.763,6,4,0
9,1,31.559,1,0,0,0,104,2,0,0,0,19.502,18.46,2,6,1
9,0,32.409,0,1,0,0,23,4,0,0,0,31.559,19.502,2,2,0
9,-1,18.56,0,0,0,0,40,5,0,0,0,32.409,31.559,4,2,0
9,0,38.327,1,0,0,0,20,1,1,0,0,18.56,32.409,5,4,1
9,1,31.087,2,0,0,0,58,8,0,0,0,38.327,18.56,1,5,1
9,0,32.039,0,0,0,0,43,4,0,0,0,31.087,38.327,8,1,1
9,-1,31.15,0,0,1,0,36,4,0,0,0,32.039,31.087,4,8,0
9,0,62.181,1,0,1,0,23,4,0,0,0,31.15,32.039,4,4,1
9,-1,15.13,0,1,1,0,53,13,0,1,0,62.181,31.15,4,4,0
9,-2,51.592,0,0,1,0,29,0,0,0,0,15.13,62.181,13,4,0
9,0,16.417,0,0,1,0,37,6,0,0,0,51.592,15.13,0,13,0
9,-1,35.163,0,0,0,0,104,2,0,0,0,16.417,51.592,6,0,0
9,-2,14.398,0,0,0,0,28,7,0,0,0,35.163,16.417,2,6,0
9,-3,27.083,0,1,0,0,19,1,0,0,0,14.398,35.163,7,2,0
9,0,34.657,0,0,0,0,37,3,0,0,0,27.083,14.398,1,7,0
9,1,39.241,1,0,1,0,48,3,0,0,0,34.657,27.083,3,1,1
9,2,18.916,2,0,1,0,39,7,0,0,0,39.241,34.657,3,3,1
9,3,14.995,3,0,1,0,28,3,1,0,0,18.916,39.241,7,3,1
9,0,33.961,0,0,1,0,28,3,0,0,0,14.995,18.916,3,7,1
9,1,45.497,1,0,0,0,125,5,0,0,0,33.961,14.995,3,3,1
9,0,25.394,0,1,0,0,50,8,0,0,0,45.497,33.961,5,3,0
9,-1,32.304,0,1,0,0,25,3,0,0,0,25.394,45.497,8,5,0
9,-2,14.095,0,0,0,0,27,3,0,0,0,32.304,25.394,3,8,0
9,0,22.087,0,0,0,0,19,1,0,0,0,14.095,32.304,3,3,0
9,1,12.183,1,0,1,1,43,1,0,0,0,22.087,14.095,1,3,1
9,2,36.972,2,0,1,0,17,1,0,0,0,12.183,22.087,1,1,1
9,3,12.8,3,0,1,0,27,5,0,0,0,36.972,12.183,1,1,1
9,0,13.04,0,0,1,1,31,1,0,0,0,12.8,36.972,5,1,1
9,1,14.699,1,0,0,0,31,1,0,0,0,13.04,12.8,1,5,1
9,2,13.681,2,0,0,0,36,0,0,0,0,14.699,13.04,1,1,1
9,3,40.467,3,0,0,0,34,0,0,0,0,13.681,14.699,0,1,1
9,0,24.489,0,0,0,0,31,8,0,0,0,40.467,13.681,0,0,1
9,1,15.925,1,0,1,0,101,2,0,0,0,24.489,40.467,8,0,1
9,0,25.052,0,1,1,0,18,1,0,0,0,15.925,24.489,2,8,0
9,1,12.898,1,0,1,0,34,4,0,0,0,25.052,15.925,1,2,1
9,0,14.281,0,1,1,0,21,1,0,1,0,12.898,25.052,4,1,0
9,1,15.182,1,0,1,0,35,0,0,0,0,14.281,12.898,1,4,1
9,0,13.633,0,0,1,1,24,1,0,0,0,15.182,14.281,0,1,1
9,-1,19.183,0,0,0,0,34,1,0,0,0,13.633,15.182,1,0,0
9,-2,30.874,0,1,0,0,19,1,0,0,0,19.183,13.633,1,1,0
9,-1,42.973,1,0,0,0,27,5,0,0,0,30.874,19.183,1,1,1
9,0,56.542,2,0,0,0,33,10,0,0,0,42.973,30.874,5,1,1
9,-1,13.591,0,0,0,0,46,10,0,0,0,56.542,42.973,10,5,0
9,0,18.198,0,0,0,0,23,1,0,0,0,13.591,56.542,10,10,0
9,-1,12.594,0,1,1,0,99,1,0,1,0,18.198,13.591,1,10,0
9,-2,20.291,0,0,1,0,28,0,0,0,0,12.594,18.198,1,1,0
9,-3,14.263,0,0,1,0,49,2,0,0,0,20.291,12.594,0,1,0
9,0,30.3,0,1,1,0,29,2,0,0,0,14.263,20.291,2,0,0
9,-1,57.675,0,0,0,0,39,4,0,0,0,30.3,14.263,2,2,0
9,-2,40.836,0,1,0,0,55,11,0,0,0,57.675,30.3,4,2,0
9,-3,14.013,0,0,0,0,48,9,0,0,0,40.836,57.675,11,4,0
9,-2,26.239,1,0,0,0,21,1,0,0,0,14.013,40.836,9,11,1
9,0,34.507,0,0,0,0,27,4,0,0,0,26.239,14.013,1,9,0
9,1,38.569,1,0,1,0,109,3,0,0,0,34.507,26.239,4,1,1
9,2,32.537,2,0,1,0,48,9,0,0,0,38.569,34.507,3,4,1
9,3,59.961,3,0,1,0,43,7,0,0,0,32.537,38.569,9,3,1
9,0,12.81,0,0,1,0,51,13,0,0,0,59.961,32.537,7,9,1
9,-1,37.789,0,0,0,0,38,3,0,0,0,12.81,59.961,13,7,0
9,-2,28.319,0,0,0,0,40,5,0,0,0,37.789,12.81,3,13,0
9,-3,14.172,0,0,0,0,38,5,0,0,0,28.319,37.789,5,3,0
9,0,15.74,0,0,0,0,21,1,0,0,0,14.172,28.319,5,5,0
9,1,52.553,1,0,1,0,112,1,0,0,0,15.74,14.172,1,5,1
9,0,13.04,0,1,1,0,48,13,0,1,0,52.553,15.74,1,1,0
9,1,13.675,1,0,1,0,29,0,0,0,0,13.04,52.553,13,1,1
9,2,17.982,2,0,1,0,22,1,0,0,0,13.675,13.04,0,13,1
9,0,12.939,0,0,1,1,21,1,0,0,0,17.982,13.675,1,0,1
9,-1,20.912,0,0,0,0,45,1,0,0,0,12.939,17.982,1,1,0
9,-2,14.762,0,0,0,0,21,1,0,0,0,20.912,12.939,1,1,0
9,-3,13.799,0,0,0,0,33,1,0,0,0,14.762,20.912,1,1,0
9,-2,65.733,1,0,0,0,19,1,0,0,0,13.799,14.762,1,1,1
9,-1,46.13,2,0,0,0,54,14,0,0,0,65.733,13.799,1,1,1
9,0,22.593,3,0,0,0,57,10,0,0,0,46.13,65.733,14,1,1
9,1,74.402,4,0,0,0,29,2,0,0,0,22.593,46.13,10,14,1
9,0,50.121,0,0,0,0,64,16,0,0,0,74.402,22.593,2,10,1
9,-1,18.787,0,1,1,0,133,10,0,1,0,50.121,74.402,16,2,0
9,0,20.356,1,0,1,0,29,0,0,0,0,18.787,50.121,10,16,1
9,-1,19.744,0,0,1,0,33,3,0,0,0,20.356,18.787,0,10,0
9,-2,27.549,0,1,1,0,22,2,0,0,0,19.744,20.356,3,0,0
9,0,24.566,0,1,1,0,37,4,0,0,0,27.549,19.744,2,3,0
9,-1,13.984,0,0,0,0,54,2,0,0,0,24.566,27.549,4,2,0
9,0,40.11,1,0,1,0,23,1,0,0,0,13.984,24.566,2,4,1
9,1,28.661,2,0,1,0,50,9,0,0,0,40.11,13.984,1,2,1
9,0,28.662,0,0,0,0,50,5,0,0,0,28.661,40.11,9,1,0
9,-1,46.276,0,1,0,0,25,3,0,0,0,28.662,28.661,5,9,0
9,-2,25.796,0,0,1,0,41,9,0,0,0,46.276,28.662,3,5,0
9,-3,53.633,0,0,1,0,67,4,0,0,0,25.796,46.276,9,3,0
9,-4,28.706,0,0,0,0,52,8,0,0,0,53.633,25.796,4,9,0
9,-3,57.665,1,0,0,0,30,3,0,0,0,28.706,53.633,8,4,1
9,-2,21.597,2,0,1,0,46,10,0,0,0,57.665,28.706,3,8,1
9,0,16.051,0,1,1,0,20,1,0,1,0,21.597,57.665,10,3,0
9,1,20.875,1,0,1,0,157,0,0,0,0,16.051,21.597,1,10,1
9,2,47.587,2,0,1,0,36,1,0,0,0,20.875,16.051,0,1,1
9,3,17.78,3,0,1,0,35,11,0,0,0,47.587,20.875,1,0,1
9,2,16.166,0,0,1,0,32,1,0,0,0,17.78,47.587,11,1,0
9,1,14.045,0,1,1,0,24,2,0,0,0,16.166,17.78,1,11,0
9,0,40.027,0,0,1,0,20,2,0,0,0,14.045,16.166,2,1,0
9,1,14.874,1,0,1,0,45,8,0,0,0,40.027,14.045,2,2,1
9,0,45.624,0,0,1,0,23,3,0,0,0,14.874,40.027,8,2,1
9,1,18.211,1,0,0,0,76,9,0,0,0,45.624,14.874,3,8,1
9,2,0,2,0,0,0,32,2,0,0,0,18.211,45.624,9,3,1
9,3,31.482,3,0,0,0,32,0,0,0,0,0,18.211,2,9,1
9,2,48.434,0,0,0,0,33,4,0,0,1,31.482,0,0,2,0
9,0,39.802,0,0,0,0,60,11,0,0,0,48.434,31.482,4,0,1
9,1,21.137,1,0,1,0,39,4,1,0,0,39.802,48.434,11,4,1
9,2,31.1,2,0,1,0,28,5,0,0,0,21.137,39.802,4,11,1
9,3,18.703,3,0,1,0,37,5,0,0,0,31.1,21.137,5,4,1
9,2,18.198,0,0,1,0,24,3,0,0,0,18.703,31.1,5,5,0
9,1,12.406,0,1,1,0,35,2,0,1,0,18.198,18.703,3,5,0
9,0,42.994,0,0,1,0,30,0,0,0,0,12.406,18.198,2,3,1
9,-1,35.244,0,0,0,0,118,9,0,0,0,42.994,12.406,0,2,0
9,-2,35.659,0,0,0,0,27,5,0,0,0,35.244,42.994,9,0,0
9,-3,28.301,0,0,0,0,28,7,0,0,0,35.659,35.244,5,9,0
9,0,22.466,0,0,0,0,24,3,0,0,0,28.301,35.659,7,5,0
9,-1,21.724,0,1,1,0,32,3,0,0,0,22.466,28.301,3,7,0
9,0,59.522,1,0,1,0,22,2,0,0,0,21.724,22.466,3,3,1
9,1,37.866,2,0,1,0,42,13,0,0,0,59.522,21.724,2,3,1
9,0,41.417,0,0,1,0,50,9,0,0,0,37.866,59.522,13,2,0
9,1,19.687,1,0,1,0,31,8,0,0,0,41.417,37.866,9,13,1
9,0,14.789,0,0,1,0,49,3,0,0,0,19.687,41.417,8,9,1
9,-1,14.108,0,0,0,0,114,3,0,0,0,14.789,19.687,3,8,0
9,-2,17.792,0,0,0,0,18,3,0,0,0,14.108,14.789,3,3,0
9,-3,27.081,0,1,0,0,22,3,0,0,0,17.792,14.108,3,3,0
9,-2,24.53,1,0,0,0,22,3,1,0,0,27.081,17.792,3,3,1
9,0,40.437,0,0,0,0,47,6,0,0,0,24.53,27.081,3,3,0
9,-1,44.452,0,1,1,0,40,7,0,0,0,40.437,24.53,6,3,0
9,0,29.556,1,0,1,0,59,10,1,0,0,44.452,40.437,7,6,1
9,1,51.42,2,0,1,0,43,5,0,0,0,29.556,44.452,10,7,1
9,0,47.674,0,0,1,0,50,9,0,0,0,51.42,29.556,5,10,0
9,1,25.063,1,0,1,0,36,10,0,0,0,47.674,51.42,9,5,1
9,0,24.575,0,0,1,0,26,3,0,0,0,25.063,47.674,10,9,1
9,-1,65.471,0,0,0,0,123,3,0,0,0,24.575,25.063,3,10,0
9,0,17.696,1,0,0,0,47,11,1,0,0,65.471,24.575,3,3,1
9,-1,69.296,0,0,0,0,50,6,0,0,0,17.696,65.471,11,3,0
9,0,18.663,1,0,0,0,57,17,0,0,0,69.296,17.696,6,11,1
9,-1,46.035,0,0,0,0,46,0,0,0,0,18.663,69.296,17,6,0
9,0,14.304,0,0,0,0,34,7,0,0,0,46.035,18.663,0,17,0
9,1,35.115,1,0,1,0,29,1,1,0,0,14.304,46.035,7,0,1
9,0,34.932,0,1,1,0,30,5,0,0,0,35.115,14.304,1,7,0
9,1,45.076,1,0,1,0,29,6,0,0,0,34.932,35.115,5,1,1
9,0,29.698,0,0,1,0,38,9,0,0,0,45.076,34.932,6,5,0
9,-1,27.931,0,1,1,0,28,4,0,0,0,29.698,45.076,9,6,0
9,0,30.825,1,0,1,0,30,4,0,0,0,27.931,29.698,4,9,1
9,1,12.283,2,0,1,1,29,3,0,0,0,30.825,27.931,4,4,1
9,0,31.091,0,0,1,0,25,1,0,0,0,12.283,30.825,3,4,1
